origin_date,target,target_end_date,horizon,location,output_type,output_type_id,value
2026-08-26,hospital admissions,2026-08-23,1,CZ,quantile,0.01,0.0
2026-08-26,hospital admissions,2026-08-30,2,CZ,quantile,0.01,0.0
2026-08-26,hospital admissions,2026-09-06,3,CZ,quantile,0.01,0.0
2026-08-26,hospital admissions,2026-09-13,4,CZ,quantile,0.01,0.0
2026-08-26,hospital admissions,2026-08-23,1,CZ,quantile,0.025,0.0
2026-08-26,hospital admissions,2026-08-30,2,CZ,quantile,0.025,0.0
2026-08-26,hospital admissions,2026-09-06,3,CZ,quantile,0.025,0.0
2026-08-26,hospital admissions,2026-09-13,4,CZ,quantile,0.025,0.0
2026-08-26,hospital admissions,2026-08-23,1,CZ,quantile,0.05,0.0
2026-08-26,hospital admissions,2026-08-30,2,CZ,quantile,0.05,0.0
2026-08-26,hospital admissions,2026-09-06,3,CZ,quantile,0.05,0.0
2026-08-26,hospital admissions,2026-09-13,4,CZ,quantile,0.05,0.0
2026-08-26,hospital admissions,2026-08-23,1,CZ,quantile,0.1,0.0
2026-08-26,hospital admissions,2026-08-30,2,CZ,quantile,0.1,0.0
2026-08-26,hospital admissions,2026-09-06,3,CZ,quantile,0.1,0.0
2026-08-26,hospital admissions,2026-09-13,4,CZ,quantile,0.1,0.0
2026-08-26,hospital admissions,2026-08-23,1,CZ,quantile,0.15,0.0
2026-08-26,hospital admissions,2026-08-30,2,CZ,quantile,0.15,0.0
2026-08-26,hospital admissions,2026-09-06,3,CZ,quantile,0.15,0.0
2026-08-26,hospital admissions,2026-09-13,4,CZ,quantile,0.15,0.0
2026-08-26,hospital admissions,2026-08-23,1,CZ,quantile,0.2,0.0
2026-08-26,hospital admissions,2026-08-30,2,CZ,quantile,0.2,0.0
2026-08-26,hospital admissions,2026-09-06,3,CZ,quantile,0.2,0.0
2026-08-26,hospital admissions,2026-09-13,4,CZ,quantile,0.2,0.0
2026-08-26,hospital admissions,2026-08-23,1,CZ,quantile,0.25,0.0
2026-08-26,hospital admissions,2026-08-30,2,CZ,quantile,0.25,0.0
2026-08-26,hospital admissions,2026-09-06,3,CZ,quantile,0.25,0.0
2026-08-26,hospital admissions,2026-09-13,4,CZ,quantile,0.25,0.0
2026-08-26,hospital admissions,2026-08-23,1,CZ,quantile,0.3,0.0
2026-08-26,hospital admissions,2026-08-30,2,CZ,quantile,0.3,0.0
2026-08-26,hospital admissions,2026-09-06,3,CZ,quantile,0.3,0.0
2026-08-26,hospital admissions,2026-09-13,4,CZ,quantile,0.3,0.0
2026-08-26,hospital admissions,2026-08-23,1,CZ,quantile,0.35,0.0
2026-08-26,hospital admissions,2026-08-30,2,CZ,quantile,0.35,0.0
2026-08-26,hospital admissions,2026-09-06,3,CZ,quantile,0.35,0.0
2026-08-26,hospital admissions,2026-09-13,4,CZ,quantile,0.35,0.0
2026-08-26,hospital admissions,2026-08-23,1,CZ,quantile,0.4,0.0
2026-08-26,hospital admissions,2026-08-30,2,CZ,quantile,0.4,0.0
2026-08-26,hospital admissions,2026-09-06,3,CZ,quantile,0.4,0.0
2026-08-26,hospital admissions,2026-09-13,4,CZ,quantile,0.4,0.0
2026-08-26,hospital admissions,2026-08-23,1,CZ,quantile,0.45,0.0
2026-08-26,hospital admissions,2026-08-30,2,CZ,quantile,0.45,0.0
2026-08-26,hospital admissions,2026-09-06,3,CZ,quantile,0.45,0.0
2026-08-26,hospital admissions,2026-09-13,4,CZ,quantile,0.45,0.0
2026-08-26,hospital admissions,2026-08-23,1,CZ,quantile,0.5,0.931479696635287
2026-08-26,hospital admissions,2026-08-30,2,CZ,quantile,0.5,0.7338149490951872
2026-08-26,hospital admissions,2026-09-06,3,CZ,quantile,0.5,0.6287452222841272
2026-08-26,hospital admissions,2026-09-13,4,CZ,quantile,0.5,0.5728948613596979
2026-08-26,hospital admissions,2026-08-23,1,CZ,quantile,0.55,2.226574687556543
2026-08-26,hospital admissions,2026-08-30,2,CZ,quantile,0.55,2.6203385806003623
2026-08-26,hospital admissions,2026-09-06,3,CZ,quantile,0.55,3.0996622110129657
2026-08-26,hospital admissions,2026-09-13,4,CZ,quantile,0.55,3.580568250927392
2026-08-26,hospital admissions,2026-08-23,1,CZ,quantile,0.6,3.5267873524010263
2026-08-26,hospital admissions,2026-08-30,2,CZ,quantile,0.6,4.514316964739271
2026-08-26,hospital admissions,2026-09-06,3,CZ,quantile,0.6,5.5803432305876655
2026-08-26,hospital admissions,2026-09-13,4,CZ,quantile,0.6,6.600126708218514
2026-08-26,hospital admissions,2026-08-23,1,CZ,quantile,0.65,4.837378462134054
2026-08-26,hospital admissions,2026-08-30,2,CZ,quantile,0.65,6.423413299049994
2026-08-26,hospital admissions,2026-09-06,3,CZ,quantile,0.65,8.080825327281387
2026-08-26,hospital admissions,2026-09-13,4,CZ,quantile,0.65,9.643787623426002
2026-08-26,hospital admissions,2026-08-23,1,CZ,quantile,0.7,6.163905520406912
2026-08-26,hospital admissions,2026-08-30,2,CZ,quantile,0.7,8.35572302212493
2026-08-26,hospital admissions,2026-09-06,3,CZ,quantile,0.7,10.611711684863003
2026-08-26,hospital admissions,2026-09-13,4,CZ,quantile,0.7,12.72445750608125
2026-08-26,hospital admissions,2026-08-23,1,CZ,quantile,0.75,7.512398980262048
2026-08-26,hospital admissions,2026-08-30,2,CZ,quantile,0.75,10.320030502873704
2026-08-26,hospital admissions,2026-09-06,3,CZ,quantile,0.75,13.184507829164032
2026-08-26,hospital admissions,2026-09-13,4,CZ,quantile,0.75,15.85614122321715
2026-08-26,hospital admissions,2026-08-23,1,CZ,quantile,0.8,8.889576449681549
2026-08-26,hospital admissions,2026-08-30,2,CZ,quantile,0.8,12.326121066924346
2026-08-26,hospital admissions,2026-09-06,3,CZ,quantile,0.8,15.81203031171384
2026-08-26,hospital admissions,2026-09-13,4,CZ,quantile,0.8,19.054439461201035
2026-08-26,hospital admissions,2026-08-23,1,CZ,quantile,0.85,10.30311636549186
2026-08-26,hospital admissions,2026-08-30,2,CZ,quantile,0.85,14.38517964868526
2026-08-26,hospital admissions,2026-09-06,3,CZ,quantile,0.85,18.50892885329301
2026-08-26,hospital admissions,2026-09-13,4,CZ,quantile,0.85,22.33718429434272
2026-08-26,hospital admissions,2026-08-23,1,CZ,quantile,0.9,11.762023052885338
2026-08-26,hospital admissions,2026-08-30,2,CZ,quantile,0.9,16.510322561925108
2026-08-26,hospital admissions,2026-09-06,3,CZ,quantile,0.9,21.292382842475984
2026-08-26,hospital admissions,2026-09-13,4,CZ,quantile,0.9,25.725286983562764
2026-08-26,hospital admissions,2026-08-23,1,CZ,quantile,0.95,13.277133075782508
2026-08-26,hospital admissions,2026-08-30,2,CZ,quantile,0.95,18.71733508422097
2026-08-26,hospital admissions,2026-09-06,3,CZ,quantile,0.95,24.18306740354196
2026-08-26,hospital admissions,2026-09-13,4,CZ,quantile,0.95,29.243913902885154
2026-08-26,hospital admissions,2026-08-23,1,CZ,quantile,0.975,14.059824691959587
2026-08-26,hospital admissions,2026-08-30,2,CZ,quantile,0.975,19.857457037012008
2026-08-26,hospital admissions,2026-09-06,3,CZ,quantile,0.975,25.676367914241848
2026-08-26,hospital admissions,2026-09-13,4,CZ,quantile,0.975,31.061603541649777
2026-08-26,hospital admissions,2026-08-23,1,CZ,quantile,0.99,14.53857965743138
2026-08-26,hospital admissions,2026-08-30,2,CZ,quantile,0.99,20.55484414945888
2026-08-26,hospital admissions,2026-09-06,3,CZ,quantile,0.99,26.58978645567335
2026-08-26,hospital admissions,2026-09-13,4,CZ,quantile,0.99,32.173443661383864
2026-08-26,hospital admissions,2026-08-23,1,CZ,median,,0.931479696635287
2026-08-26,hospital admissions,2026-08-30,2,CZ,median,,0.7338149490951872
2026-08-26,hospital admissions,2026-09-06,3,CZ,median,,0.6287452222841272
2026-08-26,hospital admissions,2026-09-13,4,CZ,median,,0.5728948613596979
2026-08-26,hospital admissions,2026-08-23,1,GR,quantile,0.01,0.0
2026-08-26,hospital admissions,2026-08-30,2,GR,quantile,0.01,0.0
2026-08-26,hospital admissions,2026-09-06,3,GR,quantile,0.01,0.0
2026-08-26,hospital admissions,2026-09-13,4,GR,quantile,0.01,0.0
2026-08-26,hospital admissions,2026-08-23,1,GR,quantile,0.025,0.0
2026-08-26,hospital admissions,2026-08-30,2,GR,quantile,0.025,0.0
2026-08-26,hospital admissions,2026-09-06,3,GR,quantile,0.025,0.0
2026-08-26,hospital admissions,2026-09-13,4,GR,quantile,0.025,0.0
2026-08-26,hospital admissions,2026-08-23,1,GR,quantile,0.05,0.0
2026-08-26,hospital admissions,2026-08-30,2,GR,quantile,0.05,0.0
2026-08-26,hospital admissions,2026-09-06,3,GR,quantile,0.05,0.0
2026-08-26,hospital admissions,2026-09-13,4,GR,quantile,0.05,0.0
2026-08-26,hospital admissions,2026-08-23,1,GR,quantile,0.1,0.0
2026-08-26,hospital admissions,2026-08-30,2,GR,quantile,0.1,0.0
2026-08-26,hospital admissions,2026-09-06,3,GR,quantile,0.1,0.0
2026-08-26,hospital admissions,2026-09-13,4,GR,quantile,0.1,0.0
2026-08-26,hospital admissions,2026-08-23,1,GR,quantile,0.15,0.0
2026-08-26,hospital admissions,2026-08-30,2,GR,quantile,0.15,0.0
2026-08-26,hospital admissions,2026-09-06,3,GR,quantile,0.15,0.0
2026-08-26,hospital admissions,2026-09-13,4,GR,quantile,0.15,0.0
2026-08-26,hospital admissions,2026-08-23,1,GR,quantile,0.2,0.0
2026-08-26,hospital admissions,2026-08-30,2,GR,quantile,0.2,0.0
2026-08-26,hospital admissions,2026-09-06,3,GR,quantile,0.2,0.0
2026-08-26,hospital admissions,2026-09-13,4,GR,quantile,0.2,0.0
2026-08-26,hospital admissions,2026-08-23,1,GR,quantile,0.25,0.0
2026-08-26,hospital admissions,2026-08-30,2,GR,quantile,0.25,0.0
2026-08-26,hospital admissions,2026-09-06,3,GR,quantile,0.25,0.0
2026-08-26,hospital admissions,2026-09-13,4,GR,quantile,0.25,0.0
2026-08-26,hospital admissions,2026-08-23,1,GR,quantile,0.3,3.265089490059701
2026-08-26,hospital admissions,2026-08-30,2,GR,quantile,0.3,0.0
2026-08-26,hospital admissions,2026-09-06,3,GR,quantile,0.3,0.0
2026-08-26,hospital admissions,2026-09-13,4,GR,quantile,0.3,0.0
2026-08-26,hospital admissions,2026-08-23,1,GR,quantile,0.35,7.204563875142231
2026-08-26,hospital admissions,2026-08-30,2,GR,quantile,0.35,3.306100186392481
2026-08-26,hospital admissions,2026-09-06,3,GR,quantile,0.35,0.2076792095362343
2026-08-26,hospital admissions,2026-09-13,4,GR,quantile,0.35,0.0
2026-08-26,hospital admissions,2026-08-23,1,GR,quantile,0.4,11.09671222892888
2026-08-26,hospital admissions,2026-08-30,2,GR,quantile,0.4,8.506344873146944
2026-08-26,hospital admissions,2026-09-06,3,GR,quantile,0.4,6.447572701924701
2026-08-26,hospital admissions,2026-09-13,4,GR,quantile,0.4,4.685891430235284
2026-08-26,hospital admissions,2026-08-23,1,GR,quantile,0.45,14.958039034417338
2026-08-26,hospital admissions,2026-08-30,2,GR,quantile,0.45,13.66540932261182
2026-08-26,hospital admissions,2026-09-06,3,GR,quantile,0.45,12.638053078170229
2026-08-26,hospital admissions,2026-09-13,4,GR,quantile,0.45,11.75894936748064
2026-08-26,hospital admissions,2026-08-23,1,GR,quantile,0.5,18.80416754809108
2026-08-26,hospital admissions,2026-08-30,2,GR,quantile,0.5,18.80416754809108
2026-08-26,hospital admissions,2026-09-06,3,GR,quantile,0.5,18.80416754809108
2026-08-26,hospital admissions,2026-09-13,4,GR,quantile,0.5,18.80416754809108
2026-08-26,hospital admissions,2026-08-23,1,GR,quantile,0.55,22.65029606176481
2026-08-26,hospital admissions,2026-08-30,2,GR,quantile,0.55,23.942925773570327
2026-08-26,hospital admissions,2026-09-06,3,GR,quantile,0.55,24.97028201801192
2026-08-26,hospital admissions,2026-09-13,4,GR,quantile,0.55,25.849385728701503
2026-08-26,hospital admissions,2026-08-23,1,GR,quantile,0.6,26.511622867253266
2026-08-26,hospital admissions,2026-08-30,2,GR,quantile,0.6,29.1019902230352
2026-08-26,hospital admissions,2026-09-06,3,GR,quantile,0.6,31.160762394257446
2026-08-26,hospital admissions,2026-09-13,4,GR,quantile,0.6,32.92244366594686
2026-08-26,hospital admissions,2026-08-23,1,GR,quantile,0.65,30.403771221039914
2026-08-26,hospital admissions,2026-08-30,2,GR,quantile,0.65,34.30223490978966
2026-08-26,hospital admissions,2026-09-06,3,GR,quantile,0.65,37.40065588664591
2026-08-26,hospital admissions,2026-09-13,4,GR,quantile,0.65,40.05195955347989
2026-08-26,hospital admissions,2026-08-23,1,GR,quantile,0.7,34.343245606122444
2026-08-26,hospital admissions,2026-08-30,2,GR,quantile,0.7,39.56571124149213
2026-08-26,hospital admissions,2026-09-06,3,GR,quantile,0.7,43.71642248762656
2026-08-26,hospital admissions,2026-09-13,4,GR,quantile,0.7,47.26816578818058
2026-08-26,hospital admissions,2026-08-23,1,GR,quantile,0.75,38.347955054316685
2026-08-26,hospital admissions,2026-08-30,2,GR,quantile,0.75,44.9163472237271
2026-08-26,hospital admissions,2026-09-06,3,GR,quantile,0.75,50.13677396276553
2026-08-26,hospital admissions,2026-09-13,4,GR,quantile,0.75,54.603867575620605
2026-08-26,hospital admissions,2026-08-23,1,GR,quantile,0.8,42.43784928651933
2026-08-26,hospital admissions,2026-08-30,2,GR,quantile,0.8,50.38079739806529
2026-08-26,hospital admissions,2026-09-06,3,GR,quantile,0.8,56.69369371101964
2026-08-26,hospital admissions,2026-09-13,4,GR,quantile,0.8,62.09560819194368
2026-08-26,hospital admissions,2026-08-23,1,GR,quantile,0.85,46.63573146004753
2026-08-26,hospital admissions,2026-08-30,2,GR,quantile,0.85,55.989528742355645
2026-08-26,hospital admissions,2026-09-06,3,GR,quantile,0.85,63.42373976153255
2026-08-26,hospital admissions,2026-09-13,4,GR,quantile,0.85,69.78515774907794
2026-08-26,hospital admissions,2026-08-23,1,GR,quantile,0.9,50.968342309836935
2026-08-26,hospital admissions,2026-08-30,2,GR,quantile,0.9,61.7782691765357
2026-08-26,hospital admissions,2026-09-06,3,GR,quantile,0.9,70.36978286915212
2026-08-26,hospital admissions,2026-09-13,4,GR,quantile,0.9,77.72149909074838
2026-08-26,hospital admissions,2026-08-23,1,GR,quantile,0.95,55.467863890313794
2026-08-26,hospital admissions,2026-08-30,2,GR,quantile,0.95,67.79001669100222
2026-08-26,hospital admissions,2026-09-06,3,GR,quantile,0.95,77.58341731388327
2026-08-26,hospital admissions,2026-09-13,4,GR,quantile,0.95,85.9635822999091
2026-08-26,hospital admissions,2026-08-23,1,GR,quantile,0.975,57.79227450381688
2026-08-26,hospital admissions,2026-08-30,2,GR,quantile,0.975,70.89562902742439
2026-08-26,hospital admissions,2026-09-06,3,GR,quantile,0.975,81.30991315691186
2026-08-26,hospital admissions,2026-09-13,4,GR,quantile,0.975,90.22136512105924
2026-08-26,hospital admissions,2026-08-23,1,GR,quantile,0.99,59.21406451665146
2026-08-26,hospital admissions,2026-08-30,2,GR,quantile,0.99,72.79526267132965
2026-08-26,hospital admissions,2026-09-06,3,GR,quantile,0.99,83.58932736269313
2026-08-26,hospital admissions,2026-09-13,4,GR,quantile,0.99,92.82575569506652
2026-08-26,hospital admissions,2026-08-23,1,GR,median,,18.80416754809108
2026-08-26,hospital admissions,2026-08-30,2,GR,median,,18.80416754809108
2026-08-26,hospital admissions,2026-09-06,3,GR,median,,18.80416754809108
2026-08-26,hospital admissions,2026-09-13,4,GR,median,,18.80416754809108
2026-08-26,hospital admissions,2026-08-23,1,IE,quantile,0.01,31.8223777709895
2026-08-26,hospital admissions,2026-08-30,2,IE,quantile,0.01,28.186540143708104
2026-08-26,hospital admissions,2026-09-06,3,IE,quantile,0.01,25.121387236783644
2026-08-26,hospital admissions,2026-09-13,4,IE,quantile,0.01,22.42093331527668
2026-08-26,hospital admissions,2026-08-23,1,IE,quantile,0.025,32.39157451342399
2026-08-26,hospital admissions,2026-08-30,2,IE,quantile,0.025,28.88366093481757
2026-08-26,hospital admissions,2026-09-06,3,IE,quantile,0.025,25.926352989593127
2026-08-26,hospital admissions,2026-09-13,4,IE,quantile,0.025,23.32091238669734
2026-08-26,hospital admissions,2026-08-23,1,IE,quantile,0.05,33.32212469125819
2026-08-26,hospital admissions,2026-08-30,2,IE,quantile,0.05,30.02334749269257
2026-08-26,hospital admissions,2026-09-06,3,IE,quantile,0.05,27.24234967155501
2026-08-26,hospital admissions,2026-09-13,4,IE,quantile,0.05,24.79224140621283
2026-08-26,hospital admissions,2026-08-23,1,IE,quantile,0.1,35.123454706943896
2026-08-26,hospital admissions,2026-08-30,2,IE,quantile,0.1,32.22951719108746
2026-08-26,hospital admissions,2026-09-06,3,IE,quantile,0.1,29.789815010047626
2026-08-26,hospital admissions,2026-09-13,4,IE,quantile,0.1,27.64039423980985
2026-08-26,hospital admissions,2026-08-23,1,IE,quantile,0.15,36.85796399430332
2026-08-26,hospital admissions,2026-08-30,2,IE,quantile,0.15,34.353848545162066
2026-08-26,hospital admissions,2026-09-06,3,IE,quantile,0.15,32.24278156829354
2026-08-26,hospital admissions,2026-09-13,4,IE,quantile,0.15,30.38289422519567
2026-08-26,hospital admissions,2026-08-23,1,IE,quantile,0.2,38.53853625654079
2026-08-26,hospital admissions,2026-08-30,2,IE,quantile,0.2,36.41212080434045
2026-08-26,hospital admissions,2026-09-06,3,IE,quantile,0.2,34.61946965409794
2026-08-26,hospital admissions,2026-09-13,4,IE,quantile,0.2,33.040112285781944
2026-08-26,hospital admissions,2026-08-23,1,IE,quantile,0.25,40.17587682923912
2026-08-26,hospital admissions,2026-08-30,2,IE,quantile,0.25,38.41744527347417
2026-08-26,hospital admissions,2026-09-06,3,IE,quantile,0.25,36.935018898231775
2026-08-26,hospital admissions,2026-09-13,4,IE,quantile,0.25,35.62897504334774
2026-08-26,hospital admissions,2026-08-23,1,IE,quantile,0.3,41.77911468555538
2026-08-26,hospital admissions,2026-08-30,2,IE,quantile,0.3,40.38100261561842
2026-08-26,hospital admissions,2026-09-06,3,IE,quantile,0.3,39.20233961834432
2026-08-26,hospital admissions,2026-09-13,4,IE,quantile,0.3,38.163916671830464
2026-08-26,hospital admissions,2026-08-23,1,IE,quantile,0.35,43.35623645927117
2026-08-26,hospital admissions,2026-08-30,2,IE,quantile,0.35,42.31257441953692
2026-08-26,hospital admissions,2026-09-06,3,IE,quantile,0.35,41.43272662024723
2026-08-26,hospital admissions,2026-09-13,4,IE,quantile,0.35,40.65756514802393
2026-08-26,hospital admissions,2026-08-23,1,IE,quantile,0.4,44.91441181853561
2026-08-26,hospital admissions,2026-08-30,2,IE,quantile,0.4,44.22094169952486
2026-08-26,hospital admissions,2026-09-06,3,IE,quantile,0.4,43.63631934587469
2026-08-26,hospital admissions,2026-09-13,4,IE,quantile,0.4,43.12125671263748
2026-08-26,hospital admissions,2026-08-23,1,IE,quantile,0.45,46.46024813706285
2026-08-26,hospital admissions,2026-08-30,2,IE,quantile,0.45,46.114196802652
2026-08-26,hospital admissions,2026-09-06,3,IE,quantile,0.45,45.82246203274492
2026-08-26,hospital admissions,2026-09-13,4,IE,quantile,0.45,45.56543854081544
2026-08-26,hospital admissions,2026-08-23,1,IE,quantile,0.5,48.0
2026-08-26,hospital admissions,2026-08-30,2,IE,quantile,0.5,48.0
2026-08-26,hospital admissions,2026-09-06,3,IE,quantile,0.5,48.0
2026-08-26,hospital admissions,2026-09-13,4,IE,quantile,0.5,48.0
2026-08-26,hospital admissions,2026-08-23,1,IE,quantile,0.55,49.53975186293715
2026-08-26,hospital admissions,2026-08-30,2,IE,quantile,0.55,49.885803197348
2026-08-26,hospital admissions,2026-09-06,3,IE,quantile,0.55,50.17753796725509
2026-08-26,hospital admissions,2026-09-13,4,IE,quantile,0.55,50.434561459184565
2026-08-26,hospital admissions,2026-08-23,1,IE,quantile,0.6,51.08558818146439
2026-08-26,hospital admissions,2026-08-30,2,IE,quantile,0.6,51.77905830047514
2026-08-26,hospital admissions,2026-09-06,3,IE,quantile,0.6,52.36368065412531
2026-08-26,hospital admissions,2026-09-13,4,IE,quantile,0.6,52.878743287362525
2026-08-26,hospital admissions,2026-08-23,1,IE,quantile,0.65,52.64376354072883
2026-08-26,hospital admissions,2026-08-30,2,IE,quantile,0.65,53.687425580463085
2026-08-26,hospital admissions,2026-09-06,3,IE,quantile,0.65,54.56727337975277
2026-08-26,hospital admissions,2026-09-13,4,IE,quantile,0.65,55.34243485197607
2026-08-26,hospital admissions,2026-08-23,1,IE,quantile,0.7,54.22088531444462
2026-08-26,hospital admissions,2026-08-30,2,IE,quantile,0.7,55.61899738438158
2026-08-26,hospital admissions,2026-09-06,3,IE,quantile,0.7,56.79766038165568
2026-08-26,hospital admissions,2026-09-13,4,IE,quantile,0.7,57.836083328169536
2026-08-26,hospital admissions,2026-08-23,1,IE,quantile,0.75,55.82412317076088
2026-08-26,hospital admissions,2026-08-30,2,IE,quantile,0.75,57.58255472652583
2026-08-26,hospital admissions,2026-09-06,3,IE,quantile,0.75,59.06498110176823
2026-08-26,hospital admissions,2026-09-13,4,IE,quantile,0.75,60.37102495665226
2026-08-26,hospital admissions,2026-08-23,1,IE,quantile,0.8,57.46146374345921
2026-08-26,hospital admissions,2026-08-30,2,IE,quantile,0.8,59.58787919565955
2026-08-26,hospital admissions,2026-09-06,3,IE,quantile,0.8,61.38053034590206
2026-08-26,hospital admissions,2026-09-13,4,IE,quantile,0.8,62.959887714218056
2026-08-26,hospital admissions,2026-08-23,1,IE,quantile,0.85,59.14203600569668
2026-08-26,hospital admissions,2026-08-30,2,IE,quantile,0.85,61.646151454837934
2026-08-26,hospital admissions,2026-09-06,3,IE,quantile,0.85,63.75721843170646
2026-08-26,hospital admissions,2026-09-13,4,IE,quantile,0.85,65.61710577480433
2026-08-26,hospital admissions,2026-08-23,1,IE,quantile,0.9,60.8765452930561
2026-08-26,hospital admissions,2026-08-30,2,IE,quantile,0.9,63.77048280891254
2026-08-26,hospital admissions,2026-09-06,3,IE,quantile,0.9,66.21018498995238
2026-08-26,hospital admissions,2026-09-13,4,IE,quantile,0.9,68.35960576019014
2026-08-26,hospital admissions,2026-08-23,1,IE,quantile,0.95,62.67787530874181
2026-08-26,hospital admissions,2026-08-30,2,IE,quantile,0.95,65.97665250730742
2026-08-26,hospital admissions,2026-09-06,3,IE,quantile,0.95,68.75765032844498
2026-08-26,hospital admissions,2026-09-13,4,IE,quantile,0.95,71.20775859378716
2026-08-26,hospital admissions,2026-08-23,1,IE,quantile,0.975,63.60842548657601
2026-08-26,hospital admissions,2026-08-30,2,IE,quantile,0.975,67.11633906518243
2026-08-26,hospital admissions,2026-09-06,3,IE,quantile,0.975,70.07364701040687
2026-08-26,hospital admissions,2026-09-13,4,IE,quantile,0.975,72.67908761330266
2026-08-26,hospital admissions,2026-08-23,1,IE,quantile,0.99,64.1776222290105
2026-08-26,hospital admissions,2026-08-30,2,IE,quantile,0.99,67.8134598562919
2026-08-26,hospital admissions,2026-09-06,3,IE,quantile,0.99,70.87861276321635
2026-08-26,hospital admissions,2026-09-13,4,IE,quantile,0.99,73.57906668472332
2026-08-26,hospital admissions,2026-08-23,1,IE,median,,48.0
2026-08-26,hospital admissions,2026-08-30,2,IE,median,,48.0
2026-08-26,hospital admissions,2026-09-06,3,IE,median,,48.0
2026-08-26,hospital admissions,2026-09-13,4,IE,median,,48.0
2026-08-26,hospital admissions,2026-08-23,1,LV,quantile,0.01,0.0
2026-08-26,hospital admissions,2026-08-30,2,LV,quantile,0.01,0.0
2026-08-26,hospital admissions,2026-09-06,3,LV,quantile,0.01,0.0
2026-08-26,hospital admissions,2026-09-13,4,LV,quantile,0.01,0.0
2026-08-26,hospital admissions,2026-08-23,1,LV,quantile,0.025,0.0
2026-08-26,hospital admissions,2026-08-30,2,LV,quantile,0.025,0.0
2026-08-26,hospital admissions,2026-09-06,3,LV,quantile,0.025,0.0
2026-08-26,hospital admissions,2026-09-13,4,LV,quantile,0.025,0.0
2026-08-26,hospital admissions,2026-08-23,1,LV,quantile,0.05,0.0
2026-08-26,hospital admissions,2026-08-30,2,LV,quantile,0.05,0.0
2026-08-26,hospital admissions,2026-09-06,3,LV,quantile,0.05,0.0
2026-08-26,hospital admissions,2026-09-13,4,LV,quantile,0.05,0.0
2026-08-26,hospital admissions,2026-08-23,1,LV,quantile,0.1,0.0
2026-08-26,hospital admissions,2026-08-30,2,LV,quantile,0.1,0.0
2026-08-26,hospital admissions,2026-09-06,3,LV,quantile,0.1,0.0
2026-08-26,hospital admissions,2026-09-13,4,LV,quantile,0.1,0.0
2026-08-26,hospital admissions,2026-08-23,1,LV,quantile,0.15,0.0
2026-08-26,hospital admissions,2026-08-30,2,LV,quantile,0.15,0.0
2026-08-26,hospital admissions,2026-09-06,3,LV,quantile,0.15,0.0
2026-08-26,hospital admissions,2026-09-13,4,LV,quantile,0.15,0.0
2026-08-26,hospital admissions,2026-08-23,1,LV,quantile,0.2,0.0
2026-08-26,hospital admissions,2026-08-30,2,LV,quantile,0.2,0.0
2026-08-26,hospital admissions,2026-09-06,3,LV,quantile,0.2,0.0
2026-08-26,hospital admissions,2026-09-13,4,LV,quantile,0.2,0.0
2026-08-26,hospital admissions,2026-08-23,1,LV,quantile,0.25,0.0
2026-08-26,hospital admissions,2026-08-30,2,LV,quantile,0.25,0.0
2026-08-26,hospital admissions,2026-09-06,3,LV,quantile,0.25,0.0
2026-08-26,hospital admissions,2026-09-13,4,LV,quantile,0.25,0.0
2026-08-26,hospital admissions,2026-08-23,1,LV,quantile,0.3,0.0
2026-08-26,hospital admissions,2026-08-30,2,LV,quantile,0.3,0.0
2026-08-26,hospital admissions,2026-09-06,3,LV,quantile,0.3,0.0
2026-08-26,hospital admissions,2026-09-13,4,LV,quantile,0.3,0.0
2026-08-26,hospital admissions,2026-08-23,1,LV,quantile,0.35,0.0
2026-08-26,hospital admissions,2026-08-30,2,LV,quantile,0.35,0.0
2026-08-26,hospital admissions,2026-09-06,3,LV,quantile,0.35,0.0
2026-08-26,hospital admissions,2026-09-13,4,LV,quantile,0.35,0.0
2026-08-26,hospital admissions,2026-08-23,1,LV,quantile,0.4,0.0
2026-08-26,hospital admissions,2026-08-30,2,LV,quantile,0.4,0.0
2026-08-26,hospital admissions,2026-09-06,3,LV,quantile,0.4,0.0
2026-08-26,hospital admissions,2026-09-13,4,LV,quantile,0.4,0.0
2026-08-26,hospital admissions,2026-08-23,1,LV,quantile,0.45,0.0
2026-08-26,hospital admissions,2026-08-30,2,LV,quantile,0.45,0.0
2026-08-26,hospital admissions,2026-09-06,3,LV,quantile,0.45,0.0
2026-08-26,hospital admissions,2026-09-13,4,LV,quantile,0.45,0.0
2026-08-26,hospital admissions,2026-08-23,1,LV,quantile,0.5,0.0489569226517586
2026-08-26,hospital admissions,2026-08-30,2,LV,quantile,0.5,0.0489569226517586
2026-08-26,hospital admissions,2026-09-06,3,LV,quantile,0.5,0.0489569226517586
2026-08-26,hospital admissions,2026-09-13,4,LV,quantile,0.5,0.0489569226517586
2026-08-26,hospital admissions,2026-08-23,1,LV,quantile,0.55,0.8047498401663601
2026-08-26,hospital admissions,2026-08-30,2,LV,quantile,0.55,0.935075903084865
2026-08-26,hospital admissions,2026-09-06,3,LV,quantile,0.55,1.0485522211613016
2026-08-26,hospital admissions,2026-09-13,4,LV,quantile,0.55,1.150399011061747
2026-08-26,hospital admissions,2026-08-23,1,LV,quantile,0.6,1.5635293352929809
2026-08-26,hospital admissions,2026-08-30,2,LV,quantile,0.6,1.8246964552411489
2026-08-26,hospital admissions,2026-09-06,3,LV,quantile,0.6,2.052097502358465
2026-08-26,hospital admissions,2026-09-13,4,LV,quantile,0.6,2.256193538090768
2026-08-26,hospital admissions,2026-08-23,1,LV,quantile,0.65,2.3283654943682426
2026-08-26,hospital admissions,2026-08-30,2,LV,quantile,0.65,2.721418059495995
2026-08-26,hospital admissions,2026-09-06,3,LV,quantile,0.65,3.063653195756397
2026-08-26,hospital admissions,2026-09-13,4,LV,quantile,0.65,3.3708146423922054
2026-08-26,hospital admissions,2026-08-23,1,LV,quantile,0.7,3.1025015713064503
2026-08-26,hospital admissions,2026-08-30,2,LV,quantile,0.7,3.629043224162501
2026-08-26,hospital admissions,2026-09-06,3,LV,quantile,0.7,4.087508758545664
2026-08-26,hospital admissions,2026-09-13,4,LV,quantile,0.7,4.498988825474388
2026-08-26,hospital admissions,2026-08-23,1,LV,quantile,0.75,3.889456824332551
2026-08-26,hospital admissions,2026-08-30,2,LV,quantile,0.75,4.551698055000465
2026-08-26,hospital admissions,2026-09-06,3,LV,quantile,0.75,5.128318685223868
2026-08-26,hospital admissions,2026-09-13,4,LV,quantile,0.75,5.645844819082629
2026-08-26,hospital admissions,2026-08-23,1,LV,quantile,0.8,4.693151522284809
2026-08-26,hospital admissions,2026-08-30,2,LV,quantile,0.8,5.493978817131567
2026-08-26,hospital admissions,2026-09-06,3,LV,quantile,0.8,6.191267838216696
2026-08-26,hospital admissions,2026-09-13,4,LV,quantile,0.8,6.817095761030584
2026-08-26,hospital admissions,2026-08-23,1,LV,quantile,0.85,5.518066655524311
2026-08-26,hospital admissions,2026-08-30,2,LV,quantile,0.85,6.461139185892108
2026-08-26,hospital admissions,2026-09-06,3,LV,quantile,0.85,7.282282678058257
2026-08-26,hospital admissions,2026-09-13,4,LV,quantile,0.85,8.019271947206299
2026-08-26,hospital admissions,2026-08-23,1,LV,quantile,0.9,6.369456977760311
2026-08-26,hospital admissions,2026-08-30,2,LV,quantile,0.9,7.4593400247823505
2026-08-26,hospital admissions,2026-09-06,3,LV,quantile,0.9,8.408313027882473
2026-08-26,hospital admissions,2026-09-13,4,LV,quantile,0.9,9.260031304490903
2026-08-26,hospital admissions,2026-08-23,1,LV,quantile,0.95,7.253646502535249
2026-08-26,hospital admissions,2026-08-30,2,LV,quantile,0.95,8.495995836244177
2026-08-26,hospital admissions,2026-09-06,3,LV,quantile,0.95,9.57772289065661
2026-08-26,hospital admissions,2026-09-13,4,LV,quantile,0.95,10.548590027587863
2026-08-26,hospital admissions,2026-08-23,1,LV,quantile,0.975,7.710410511547357
2026-08-26,hospital admissions,2026-08-30,2,LV,quantile,0.975,9.03152249782675
2026-08-26,hospital admissions,2026-09-06,3,LV,quantile,0.975,10.181829049044966
2026-08-26,hospital admissions,2026-09-13,4,LV,quantile,0.975,11.214247368822605
2026-08-26,hospital admissions,2026-08-23,1,LV,quantile,0.99,7.989802845441828
2026-08-26,hospital admissions,2026-08-30,2,LV,quantile,0.99,9.359092185652797
2026-08-26,hospital admissions,2026-09-06,3,LV,quantile,0.99,10.551347282053714
2026-08-26,hospital admissions,2026-09-13,4,LV,quantile,0.99,11.621415084474718
2026-08-26,hospital admissions,2026-08-23,1,LV,median,,0.0489569226517586
2026-08-26,hospital admissions,2026-08-30,2,LV,median,,0.0489569226517586
2026-08-26,hospital admissions,2026-09-06,3,LV,median,,0.0489569226517586
2026-08-26,hospital admissions,2026-09-13,4,LV,median,,0.0489569226517586
2026-08-26,hospital admissions,2026-08-23,1,MT,quantile,0.01,10.144367540639484
2026-08-26,hospital admissions,2026-08-30,2,MT,quantile,0.01,8.804697479786011
2026-08-26,hospital admissions,2026-09-06,3,MT,quantile,0.01,7.936160194449013
2026-08-26,hospital admissions,2026-09-13,4,MT,quantile,0.01,7.077700947590556
2026-08-26,hospital admissions,2026-08-23,1,MT,quantile,0.025,10.33054517614524
2026-08-26,hospital admissions,2026-08-30,2,MT,quantile,0.025,9.030406370174768
2026-08-26,hospital admissions,2026-09-06,3,MT,quantile,0.025,8.182747609924274
2026-08-26,hospital admissions,2026-09-13,4,MT,quantile,0.025,7.34776033182251
2026-08-26,hospital admissions,2026-08-23,1,MT,quantile,0.05,10.63491731834626
2026-08-26,hospital admissions,2026-08-30,2,MT,quantile,0.05,9.399406106876864
2026-08-26,hospital admissions,2026-09-06,3,MT,quantile,0.05,8.58588056240878
2026-08-26,hospital admissions,2026-09-13,4,MT,quantile,0.05,7.789266386386342
2026-08-26,hospital admissions,2026-08-23,1,MT,quantile,0.1,11.224111419583595
2026-08-26,hospital admissions,2026-08-30,2,MT,quantile,0.1,10.113704290182405
2026-08-26,hospital admissions,2026-09-06,3,MT,quantile,0.1,9.366252760405104
2026-08-26,hospital admissions,2026-09-13,4,MT,quantile,0.1,8.643920038749098
2026-08-26,hospital admissions,2026-08-23,1,MT,quantile,0.15,11.791449237614968
2026-08-26,hospital admissions,2026-08-30,2,MT,quantile,0.15,10.801505427174938
2026-08-26,hospital admissions,2026-09-06,3,MT,quantile,0.15,10.11767688215686
2026-08-26,hospital admissions,2026-09-13,4,MT,quantile,0.15,9.466870128177623
2026-08-26,hospital admissions,2026-08-23,1,MT,quantile,0.2,12.34114488193946
2026-08-26,hospital admissions,2026-08-30,2,MT,quantile,0.2,11.467918412789317
2026-08-26,hospital admissions,2026-09-06,3,MT,quantile,0.2,10.845734405627748
2026-08-26,hospital admissions,2026-09-13,4,MT,quantile,0.2,10.264229417965533
2026-08-26,hospital admissions,2026-08-23,1,MT,quantile,0.25,12.876699943338458
2026-08-26,hospital admissions,2026-08-30,2,MT,quantile,0.25,12.117188333540431
2026-08-26,hospital admissions,2026-09-06,3,MT,quantile,0.25,11.555063096350066
2026-08-26,hospital admissions,2026-09-13,4,MT,quantile,0.25,11.041077129619111
2026-08-26,hospital admissions,2026-08-23,1,MT,quantile,0.3,13.401100402774729
2026-08-26,hospital admissions,2026-08-30,2,MT,quantile,0.3,12.752935186255494
2026-08-26,hospital admissions,2026-09-06,3,MT,quantile,0.3,12.249617808118508
2026-08-26,hospital admissions,2026-09-13,4,MT,quantile,0.3,11.801744568442269
2026-08-26,hospital admissions,2026-08-23,1,MT,quantile,0.35,13.9169585952851
2026-08-26,hospital admissions,2026-08-30,2,MT,quantile,0.35,13.37832598528016
2026-08-26,hospital admissions,2026-09-06,3,MT,quantile,0.35,12.93285851045808
2026-08-26,hospital admissions,2026-09-13,4,MT,quantile,0.35,12.550021048814983
2026-08-26,hospital admissions,2026-08-23,1,MT,quantile,0.4,14.426619635948152
2026-08-26,hospital admissions,2026-08-30,2,MT,quantile,0.4,13.996203785961985
2026-08-26,hospital admissions,2026-09-06,3,MT,quantile,0.4,13.607891247038571
2026-08-26,hospital admissions,2026-09-13,4,MT,quantile,0.4,13.289308270046382
2026-08-26,hospital admissions,2026-08-23,1,MT,quantile,0.45,14.932244719871475
2026-08-26,hospital admissions,2026-08-30,2,MT,quantile,0.45,14.609188671794463
2026-08-26,hospital admissions,2026-09-06,3,MT,quantile,0.45,14.277578464331974
2026-08-26,hospital admissions,2026-09-13,4,MT,quantile,0.45,14.02274114690952
2026-08-26,hospital admissions,2026-08-23,1,MT,quantile,0.5,15.435879649124804
2026-08-26,hospital admissions,2026-08-30,2,MT,quantile,0.5,15.21976083173188
2026-08-26,hospital admissions,2026-09-06,3,MT,quantile,0.5,14.94462977374559
2026-08-26,hospital admissions,2026-09-13,4,MT,quantile,0.5,14.753287211168963
2026-08-26,hospital admissions,2026-08-23,1,MT,quantile,0.55,15.939514578378132
2026-08-26,hospital admissions,2026-08-30,2,MT,quantile,0.55,15.830332991669298
2026-08-26,hospital admissions,2026-09-06,3,MT,quantile,0.55,15.611681083159205
2026-08-26,hospital admissions,2026-09-13,4,MT,quantile,0.55,15.483833275428406
2026-08-26,hospital admissions,2026-08-23,1,MT,quantile,0.6,16.445139662301454
2026-08-26,hospital admissions,2026-08-30,2,MT,quantile,0.6,16.443317877501777
2026-08-26,hospital admissions,2026-09-06,3,MT,quantile,0.6,16.281368300452606
2026-08-26,hospital admissions,2026-09-13,4,MT,quantile,0.6,16.217266152291543
2026-08-26,hospital admissions,2026-08-23,1,MT,quantile,0.65,16.95480070296451
2026-08-26,hospital admissions,2026-08-30,2,MT,quantile,0.65,17.0611956781836
2026-08-26,hospital admissions,2026-09-06,3,MT,quantile,0.65,16.956401037033096
2026-08-26,hospital admissions,2026-09-13,4,MT,quantile,0.65,16.956553373522944
2026-08-26,hospital admissions,2026-08-23,1,MT,quantile,0.7,17.47065889547488
2026-08-26,hospital admissions,2026-08-30,2,MT,quantile,0.7,17.686586477208266
2026-08-26,hospital admissions,2026-09-06,3,MT,quantile,0.7,17.63964173937267
2026-08-26,hospital admissions,2026-09-13,4,MT,quantile,0.7,17.70482985389566
2026-08-26,hospital admissions,2026-08-23,1,MT,quantile,0.75,17.99505935491115
2026-08-26,hospital admissions,2026-08-30,2,MT,quantile,0.75,18.32233332992333
2026-08-26,hospital admissions,2026-09-06,3,MT,quantile,0.75,18.33419645114112
2026-08-26,hospital admissions,2026-09-13,4,MT,quantile,0.75,18.46549729271881
2026-08-26,hospital admissions,2026-08-23,1,MT,quantile,0.8,18.530614416310147
2026-08-26,hospital admissions,2026-08-30,2,MT,quantile,0.8,18.97160325067445
2026-08-26,hospital admissions,2026-09-06,3,MT,quantile,0.8,19.04352514186344
2026-08-26,hospital admissions,2026-09-13,4,MT,quantile,0.8,19.2423450043724
2026-08-26,hospital admissions,2026-08-23,1,MT,quantile,0.85,19.08031006063464
2026-08-26,hospital admissions,2026-08-30,2,MT,quantile,0.85,19.638016236288824
2026-08-26,hospital admissions,2026-09-06,3,MT,quantile,0.85,19.77158266533432
2026-08-26,hospital admissions,2026-09-13,4,MT,quantile,0.85,20.039704294160305
2026-08-26,hospital admissions,2026-08-23,1,MT,quantile,0.9,19.64764787866601
2026-08-26,hospital admissions,2026-08-30,2,MT,quantile,0.9,20.32581737328136
2026-08-26,hospital admissions,2026-09-06,3,MT,quantile,0.9,20.523006787086075
2026-08-26,hospital admissions,2026-09-13,4,MT,quantile,0.9,20.86265438358883
2026-08-26,hospital admissions,2026-08-23,1,MT,quantile,0.95,20.236841979903343
2026-08-26,hospital admissions,2026-08-30,2,MT,quantile,0.95,21.040115556586898
2026-08-26,hospital admissions,2026-09-06,3,MT,quantile,0.95,21.3033789850824
2026-08-26,hospital admissions,2026-09-13,4,MT,quantile,0.95,21.717308035951586
2026-08-26,hospital admissions,2026-08-23,1,MT,quantile,0.975,20.541214122104368
2026-08-26,hospital admissions,2026-08-30,2,MT,quantile,0.975,21.40911529328899
2026-08-26,hospital admissions,2026-09-06,3,MT,quantile,0.975,21.706511937566905
2026-08-26,hospital admissions,2026-09-13,4,MT,quantile,0.975,22.158814090515417
2026-08-26,hospital admissions,2026-08-23,1,MT,quantile,0.99,20.72739175761012
2026-08-26,hospital admissions,2026-08-30,2,MT,quantile,0.99,21.63482418367775
2026-08-26,hospital admissions,2026-09-06,3,MT,quantile,0.99,21.95309935304217
2026-08-26,hospital admissions,2026-09-13,4,MT,quantile,0.99,22.42887347474737
2026-08-26,hospital admissions,2026-08-23,1,MT,median,,15.435879649124804
2026-08-26,hospital admissions,2026-08-30,2,MT,median,,15.21976083173188
2026-08-26,hospital admissions,2026-09-06,3,MT,median,,14.94462977374559
2026-08-26,hospital admissions,2026-09-13,4,MT,median,,14.753287211168963
2026-08-26,hospital admissions,2026-08-23,1,PL,quantile,0.01,0.0
2026-08-26,hospital admissions,2026-08-30,2,PL,quantile,0.01,0.0
2026-08-26,hospital admissions,2026-09-06,3,PL,quantile,0.01,0.0
2026-08-26,hospital admissions,2026-09-13,4,PL,quantile,0.01,0.0
2026-08-26,hospital admissions,2026-08-23,1,PL,quantile,0.025,0.0
2026-08-26,hospital admissions,2026-08-30,2,PL,quantile,0.025,0.0
2026-08-26,hospital admissions,2026-09-06,3,PL,quantile,0.025,0.0
2026-08-26,hospital admissions,2026-09-13,4,PL,quantile,0.025,0.0
2026-08-26,hospital admissions,2026-08-23,1,PL,quantile,0.05,0.0
2026-08-26,hospital admissions,2026-08-30,2,PL,quantile,0.05,0.0
2026-08-26,hospital admissions,2026-09-06,3,PL,quantile,0.05,0.0
2026-08-26,hospital admissions,2026-09-13,4,PL,quantile,0.05,0.0
2026-08-26,hospital admissions,2026-08-23,1,PL,quantile,0.1,0.0
2026-08-26,hospital admissions,2026-08-30,2,PL,quantile,0.1,0.0
2026-08-26,hospital admissions,2026-09-06,3,PL,quantile,0.1,0.0
2026-08-26,hospital admissions,2026-09-13,4,PL,quantile,0.1,0.0
2026-08-26,hospital admissions,2026-08-23,1,PL,quantile,0.15,0.0
2026-08-26,hospital admissions,2026-08-30,2,PL,quantile,0.15,0.0
2026-08-26,hospital admissions,2026-09-06,3,PL,quantile,0.15,0.0
2026-08-26,hospital admissions,2026-09-13,4,PL,quantile,0.15,0.0
2026-08-26,hospital admissions,2026-08-23,1,PL,quantile,0.2,0.0
2026-08-26,hospital admissions,2026-08-30,2,PL,quantile,0.2,0.0
2026-08-26,hospital admissions,2026-09-06,3,PL,quantile,0.2,0.0
2026-08-26,hospital admissions,2026-09-13,4,PL,quantile,0.2,0.0
2026-08-26,hospital admissions,2026-08-23,1,PL,quantile,0.25,0.6041393656264553
2026-08-26,hospital admissions,2026-08-30,2,PL,quantile,0.25,0.3611982675609315
2026-08-26,hospital admissions,2026-09-06,3,PL,quantile,0.25,1.0165650840443077
2026-08-26,hospital admissions,2026-09-13,4,PL,quantile,0.25,2.0429073583435766
2026-08-26,hospital admissions,2026-08-23,1,PL,quantile,0.3,2.446242057666426
2026-08-26,hospital admissions,2026-08-30,2,PL,quantile,0.3,2.915149422175924
2026-08-26,hospital admissions,2026-09-06,3,PL,quantile,0.3,4.046111998467952
2026-08-26,hospital admissions,2026-09-13,4,PL,quantile,0.3,5.423965431800504
2026-08-26,hospital admissions,2026-08-23,1,PL,quantile,0.35,4.258337657574489
2026-08-26,hospital admissions,2026-08-30,2,PL,quantile,0.35,5.427497767171192
2026-08-26,hospital admissions,2026-09-06,3,PL,quantile,0.35,7.026308844748343
2026-08-26,hospital admissions,2026-09-13,4,PL,quantile,0.35,8.749947465494852
2026-08-26,hospital admissions,2026-08-23,1,PL,quantile,0.4,6.048664035325121
2026-08-26,hospital admissions,2026-08-30,2,PL,quantile,0.4,7.909664553720077
2026-08-26,hospital admissions,2026-09-06,3,PL,quantile,0.4,9.97070373487209
2026-08-26,hospital admissions,2026-09-13,4,PL,quantile,0.4,12.03597352678532
2026-08-26,hospital admissions,2026-08-23,1,PL,quantile,0.45,7.824812990761497
2026-08-26,hospital admissions,2026-08-30,2,PL,quantile,0.45,10.372175300328616
2026-08-26,hospital admissions,2026-09-06,3,PL,quantile,0.45,12.891782245180408
2026-08-26,hospital admissions,2026-09-13,4,PL,quantile,0.45,15.295977863888773
2026-08-26,hospital admissions,2026-08-23,1,PL,quantile,0.5,9.59397097353719
2026-08-26,hospital admissions,2026-08-30,2,PL,quantile,0.5,12.824993534801004
2026-08-26,hospital admissions,2026-09-06,3,PL,quantile,0.5,15.801363307629536
2026-08-26,hospital admissions,2026-09-13,4,PL,quantile,0.5,18.54315073146674
2026-08-26,hospital admissions,2026-08-23,1,PL,quantile,0.55,11.36312895631288
2026-08-26,hospital admissions,2026-08-30,2,PL,quantile,0.55,15.27781176927339
2026-08-26,hospital admissions,2026-09-06,3,PL,quantile,0.55,18.710944370078664
2026-08-26,hospital admissions,2026-09-13,4,PL,quantile,0.55,21.790323599044708
2026-08-26,hospital admissions,2026-08-23,1,PL,quantile,0.6,13.139277911749256
2026-08-26,hospital admissions,2026-08-30,2,PL,quantile,0.6,17.740322515881928
2026-08-26,hospital admissions,2026-09-06,3,PL,quantile,0.6,21.632022880386984
2026-08-26,hospital admissions,2026-09-13,4,PL,quantile,0.6,25.05032793614816
2026-08-26,hospital admissions,2026-08-23,1,PL,quantile,0.65,14.929604289499888
2026-08-26,hospital admissions,2026-08-30,2,PL,quantile,0.65,20.22248930243081
2026-08-26,hospital admissions,2026-09-06,3,PL,quantile,0.65,24.57641777051073
2026-08-26,hospital admissions,2026-09-13,4,PL,quantile,0.65,28.336353997438625
2026-08-26,hospital admissions,2026-08-23,1,PL,quantile,0.7,16.741699889407954
2026-08-26,hospital admissions,2026-08-30,2,PL,quantile,0.7,22.734837647426083
2026-08-26,hospital admissions,2026-09-06,3,PL,quantile,0.7,27.556614616791123
2026-08-26,hospital admissions,2026-09-13,4,PL,quantile,0.7,31.662336031132973
2026-08-26,hospital admissions,2026-08-23,1,PL,quantile,0.75,18.583802581447923
2026-08-26,hospital admissions,2026-08-30,2,PL,quantile,0.75,25.28878880204108
2026-08-26,hospital admissions,2026-09-06,3,PL,quantile,0.75,30.586161531214763
2026-08-26,hospital admissions,2026-09-13,4,PL,quantile,0.75,35.0433941045899
2026-08-26,hospital admissions,2026-08-23,1,PL,quantile,0.8,20.465088920135088
2026-08-26,hospital admissions,2026-08-30,2,PL,quantile,0.8,27.89706544026188
2026-08-26,hospital admissions,2026-09-06,3,PL,quantile,0.8,33.6801503990153
2026-08-26,hospital admissions,2026-09-13,4,PL,quantile,0.8,38.496371178771625
2026-08-26,hospital admissions,2026-08-23,1,PL,quantile,0.85,22.39604799538329
2026-08-26,hospital admissions,2026-08-30,2,PL,quantile,0.85,30.57420997788977
2026-08-26,hospital admissions,2026-09-06,3,PL,quantile,0.85,36.85583171883262
2026-08-26,hospital admissions,2026-09-13,4,PL,quantile,0.85,42.04051928685181
2026-08-26,hospital admissions,2026-08-23,1,PL,quantile,0.9,24.388980120223813
2026-08-26,hospital admissions,2026-08-30,2,PL,quantile,0.9,33.33727596943294
2026-08-26,hospital admissions,2026-09-06,3,PL,quantile,0.9,40.13343475125647
2026-08-26,hospital admissions,2026-09-13,4,PL,quantile,0.9,45.6984148426537
2026-08-26,hospital admissions,2026-08-23,1,PL,quantile,0.95,26.458688528164807
2026-08-26,hospital admissions,2026-08-30,2,PL,quantile,0.95,36.20678709984856
2026-08-26,hospital admissions,2026-09-06,3,PL,quantile,0.95,43.537305093626216
2026-08-26,hospital admissions,2026-09-13,4,PL,quantile,0.95,49.49722820556188
2026-08-26,hospital admissions,2026-08-23,1,PL,quantile,0.975,27.52788046429166
2026-08-26,hospital admissions,2026-08-30,2,PL,quantile,0.975,37.689149615019865
2026-08-26,hospital admissions,2026-09-06,3,PL,quantile,0.975,45.29571256190512
2026-08-26,hospital admissions,2026-09-13,4,PL,quantile,0.975,51.45965953109968
2026-08-26,hospital admissions,2026-08-23,1,PL,quantile,0.99,28.181881271101528
2026-08-26,hospital admissions,2026-08-30,2,PL,quantile,0.99,38.59587762909247
2026-08-26,hospital admissions,2026-09-06,3,PL,quantile,0.99,46.371291103135775
2026-08-26,hospital admissions,2026-09-13,4,PL,quantile,0.99,52.660034905104006
2026-08-26,hospital admissions,2026-08-23,1,PL,median,,9.59397097353719
2026-08-26,hospital admissions,2026-08-30,2,PL,median,,12.824993534801004
2026-08-26,hospital admissions,2026-09-06,3,PL,median,,15.801363307629536
2026-08-26,hospital admissions,2026-09-13,4,PL,median,,18.54315073146674
