origin_date,target,horizon,target_end_date,location,output_type,output_type_id,value
2026-09-02,hospital admissions,1,2026-08-30,CZ,quantile,0.010,0.0
2026-09-02,hospital admissions,1,2026-08-30,CZ,quantile,0.025,0.0
2026-09-02,hospital admissions,1,2026-08-30,CZ,quantile,0.050,0.0
2026-09-02,hospital admissions,1,2026-08-30,CZ,quantile,0.100,0.0
2026-09-02,hospital admissions,1,2026-08-30,CZ,quantile,0.150,0.0
2026-09-02,hospital admissions,1,2026-08-30,CZ,quantile,0.200,0.0
2026-09-02,hospital admissions,1,2026-08-30,CZ,quantile,0.250,0.0
2026-09-02,hospital admissions,1,2026-08-30,CZ,quantile,0.300,0.0
2026-09-02,hospital admissions,1,2026-08-30,CZ,quantile,0.350,0.0
2026-09-02,hospital admissions,1,2026-08-30,CZ,quantile,0.400,0.0
2026-09-02,hospital admissions,1,2026-08-30,CZ,quantile,0.450,1.0
2026-09-02,hospital admissions,1,2026-08-30,CZ,quantile,0.500,2.0
2026-09-02,hospital admissions,1,2026-08-30,CZ,quantile,0.550,4.0
2026-09-02,hospital admissions,1,2026-08-30,CZ,quantile,0.600,5.0
2026-09-02,hospital admissions,1,2026-08-30,CZ,quantile,0.650,7.0
2026-09-02,hospital admissions,1,2026-08-30,CZ,quantile,0.700,10.0
2026-09-02,hospital admissions,1,2026-08-30,CZ,quantile,0.750,14.0
2026-09-02,hospital admissions,1,2026-08-30,CZ,quantile,0.800,20.0
2026-09-02,hospital admissions,1,2026-08-30,CZ,quantile,0.850,27.0
2026-09-02,hospital admissions,1,2026-08-30,CZ,quantile,0.900,47.0
2026-09-02,hospital admissions,1,2026-08-30,CZ,quantile,0.950,95.04999999999927
2026-09-02,hospital admissions,1,2026-08-30,CZ,quantile,0.975,146.0
2026-09-02,hospital admissions,1,2026-08-30,CZ,quantile,0.990,205.01000000000022
2026-09-02,hospital admissions,1,2026-08-30,CZ,median,,2.0
2026-09-02,hospital admissions,2,2026-09-06,CZ,quantile,0.010,0.0
2026-09-02,hospital admissions,2,2026-09-06,CZ,quantile,0.025,0.0
2026-09-02,hospital admissions,2,2026-09-06,CZ,quantile,0.050,0.0
2026-09-02,hospital admissions,2,2026-09-06,CZ,quantile,0.100,0.0
2026-09-02,hospital admissions,2,2026-09-06,CZ,quantile,0.150,0.0
2026-09-02,hospital admissions,2,2026-09-06,CZ,quantile,0.200,0.0
2026-09-02,hospital admissions,2,2026-09-06,CZ,quantile,0.250,0.0
2026-09-02,hospital admissions,2,2026-09-06,CZ,quantile,0.300,0.0
2026-09-02,hospital admissions,2,2026-09-06,CZ,quantile,0.350,0.0
2026-09-02,hospital admissions,2,2026-09-06,CZ,quantile,0.400,0.0
2026-09-02,hospital admissions,2,2026-09-06,CZ,quantile,0.450,0.0
2026-09-02,hospital admissions,2,2026-09-06,CZ,quantile,0.500,2.0
2026-09-02,hospital admissions,2,2026-09-06,CZ,quantile,0.550,5.0
2026-09-02,hospital admissions,2,2026-09-06,CZ,quantile,0.600,7.0
2026-09-02,hospital admissions,2,2026-09-06,CZ,quantile,0.650,11.0
2026-09-02,hospital admissions,2,2026-09-06,CZ,quantile,0.700,15.0
2026-09-02,hospital admissions,2,2026-09-06,CZ,quantile,0.750,22.0
2026-09-02,hospital admissions,2,2026-09-06,CZ,quantile,0.800,29.0
2026-09-02,hospital admissions,2,2026-09-06,CZ,quantile,0.850,44.0
2026-09-02,hospital admissions,2,2026-09-06,CZ,quantile,0.900,70.0
2026-09-02,hospital admissions,2,2026-09-06,CZ,quantile,0.950,123.0
2026-09-02,hospital admissions,2,2026-09-06,CZ,quantile,0.975,179.0
2026-09-02,hospital admissions,2,2026-09-06,CZ,quantile,0.990,235.0
2026-09-02,hospital admissions,2,2026-09-06,CZ,median,,2.0
2026-09-02,hospital admissions,3,2026-09-13,CZ,quantile,0.010,0.0
2026-09-02,hospital admissions,3,2026-09-13,CZ,quantile,0.025,0.0
2026-09-02,hospital admissions,3,2026-09-13,CZ,quantile,0.050,0.0
2026-09-02,hospital admissions,3,2026-09-13,CZ,quantile,0.100,0.0
2026-09-02,hospital admissions,3,2026-09-13,CZ,quantile,0.150,0.0
2026-09-02,hospital admissions,3,2026-09-13,CZ,quantile,0.200,0.0
2026-09-02,hospital admissions,3,2026-09-13,CZ,quantile,0.250,0.0
2026-09-02,hospital admissions,3,2026-09-13,CZ,quantile,0.300,0.0
2026-09-02,hospital admissions,3,2026-09-13,CZ,quantile,0.350,0.0
2026-09-02,hospital admissions,3,2026-09-13,CZ,quantile,0.400,0.0
2026-09-02,hospital admissions,3,2026-09-13,CZ,quantile,0.450,0.0
2026-09-02,hospital admissions,3,2026-09-13,CZ,quantile,0.500,2.0
2026-09-02,hospital admissions,3,2026-09-13,CZ,quantile,0.550,6.0
2026-09-02,hospital admissions,3,2026-09-13,CZ,quantile,0.600,10.0
2026-09-02,hospital admissions,3,2026-09-13,CZ,quantile,0.650,15.0
2026-09-02,hospital admissions,3,2026-09-13,CZ,quantile,0.700,21.0
2026-09-02,hospital admissions,3,2026-09-13,CZ,quantile,0.750,28.0
2026-09-02,hospital admissions,3,2026-09-13,CZ,quantile,0.800,40.0
2026-09-02,hospital admissions,3,2026-09-13,CZ,quantile,0.850,58.0
2026-09-02,hospital admissions,3,2026-09-13,CZ,quantile,0.900,91.0
2026-09-02,hospital admissions,3,2026-09-13,CZ,quantile,0.950,144.0
2026-09-02,hospital admissions,3,2026-09-13,CZ,quantile,0.975,201.0
2026-09-02,hospital admissions,3,2026-09-13,CZ,quantile,0.990,244.01000000000022
2026-09-02,hospital admissions,3,2026-09-13,CZ,median,,2.0
2026-09-02,hospital admissions,4,2026-09-20,CZ,quantile,0.010,0.0
2026-09-02,hospital admissions,4,2026-09-20,CZ,quantile,0.025,0.0
2026-09-02,hospital admissions,4,2026-09-20,CZ,quantile,0.050,0.0
2026-09-02,hospital admissions,4,2026-09-20,CZ,quantile,0.100,0.0
2026-09-02,hospital admissions,4,2026-09-20,CZ,quantile,0.150,0.0
2026-09-02,hospital admissions,4,2026-09-20,CZ,quantile,0.200,0.0
2026-09-02,hospital admissions,4,2026-09-20,CZ,quantile,0.250,0.0
2026-09-02,hospital admissions,4,2026-09-20,CZ,quantile,0.300,0.0
2026-09-02,hospital admissions,4,2026-09-20,CZ,quantile,0.350,0.0
2026-09-02,hospital admissions,4,2026-09-20,CZ,quantile,0.400,0.0
2026-09-02,hospital admissions,4,2026-09-20,CZ,quantile,0.450,0.0
2026-09-02,hospital admissions,4,2026-09-20,CZ,quantile,0.500,2.0
2026-09-02,hospital admissions,4,2026-09-20,CZ,quantile,0.550,7.0
2026-09-02,hospital admissions,4,2026-09-20,CZ,quantile,0.600,12.0
2026-09-02,hospital admissions,4,2026-09-20,CZ,quantile,0.650,18.0
2026-09-02,hospital admissions,4,2026-09-20,CZ,quantile,0.700,26.0
2026-09-02,hospital admissions,4,2026-09-20,CZ,quantile,0.750,36.0
2026-09-02,hospital admissions,4,2026-09-20,CZ,quantile,0.800,50.0
2026-09-02,hospital admissions,4,2026-09-20,CZ,quantile,0.850,71.0
2026-09-02,hospital admissions,4,2026-09-20,CZ,quantile,0.900,105.0
2026-09-02,hospital admissions,4,2026-09-20,CZ,quantile,0.950,159.0
2026-09-02,hospital admissions,4,2026-09-20,CZ,quantile,0.975,222.0
2026-09-02,hospital admissions,4,2026-09-20,CZ,quantile,0.990,256.0
2026-09-02,hospital admissions,4,2026-09-20,CZ,median,,2.0
2026-09-02,hospital admissions,1,2026-08-30,EE,quantile,0.010,0.0
2026-09-02,hospital admissions,1,2026-08-30,EE,quantile,0.025,0.0
2026-09-02,hospital admissions,1,2026-08-30,EE,quantile,0.050,0.0
2026-09-02,hospital admissions,1,2026-08-30,EE,quantile,0.100,0.0
2026-09-02,hospital admissions,1,2026-08-30,EE,quantile,0.150,0.0
2026-09-02,hospital admissions,1,2026-08-30,EE,quantile,0.200,0.0
2026-09-02,hospital admissions,1,2026-08-30,EE,quantile,0.250,0.0
2026-09-02,hospital admissions,1,2026-08-30,EE,quantile,0.300,0.0
2026-09-02,hospital admissions,1,2026-08-30,EE,quantile,0.350,0.0
2026-09-02,hospital admissions,1,2026-08-30,EE,quantile,0.400,0.0
2026-09-02,hospital admissions,1,2026-08-30,EE,quantile,0.450,0.0
2026-09-02,hospital admissions,1,2026-08-30,EE,quantile,0.500,1.0
2026-09-02,hospital admissions,1,2026-08-30,EE,quantile,0.550,4.0
2026-09-02,hospital admissions,1,2026-08-30,EE,quantile,0.600,7.0
2026-09-02,hospital admissions,1,2026-08-30,EE,quantile,0.650,10.0
2026-09-02,hospital admissions,1,2026-08-30,EE,quantile,0.700,14.0
2026-09-02,hospital admissions,1,2026-08-30,EE,quantile,0.750,18.0
2026-09-02,hospital admissions,1,2026-08-30,EE,quantile,0.800,23.0
2026-09-02,hospital admissions,1,2026-08-30,EE,quantile,0.850,29.0
2026-09-02,hospital admissions,1,2026-08-30,EE,quantile,0.900,37.0
2026-09-02,hospital admissions,1,2026-08-30,EE,quantile,0.950,52.0
2026-09-02,hospital admissions,1,2026-08-30,EE,quantile,0.975,70.0
2026-09-02,hospital admissions,1,2026-08-30,EE,quantile,0.990,92.0
2026-09-02,hospital admissions,1,2026-08-30,EE,median,,1.0
2026-09-02,hospital admissions,2,2026-09-06,EE,quantile,0.010,0.0
2026-09-02,hospital admissions,2,2026-09-06,EE,quantile,0.025,0.0
2026-09-02,hospital admissions,2,2026-09-06,EE,quantile,0.050,0.0
2026-09-02,hospital admissions,2,2026-09-06,EE,quantile,0.100,0.0
2026-09-02,hospital admissions,2,2026-09-06,EE,quantile,0.150,0.0
2026-09-02,hospital admissions,2,2026-09-06,EE,quantile,0.200,0.0
2026-09-02,hospital admissions,2,2026-09-06,EE,quantile,0.250,0.0
2026-09-02,hospital admissions,2,2026-09-06,EE,quantile,0.300,0.0
2026-09-02,hospital admissions,2,2026-09-06,EE,quantile,0.350,0.0
2026-09-02,hospital admissions,2,2026-09-06,EE,quantile,0.400,0.0
2026-09-02,hospital admissions,2,2026-09-06,EE,quantile,0.450,0.0
2026-09-02,hospital admissions,2,2026-09-06,EE,quantile,0.500,1.0
2026-09-02,hospital admissions,2,2026-09-06,EE,quantile,0.550,4.0
2026-09-02,hospital admissions,2,2026-09-06,EE,quantile,0.600,8.0
2026-09-02,hospital admissions,2,2026-09-06,EE,quantile,0.650,12.0
2026-09-02,hospital admissions,2,2026-09-06,EE,quantile,0.700,16.0
2026-09-02,hospital admissions,2,2026-09-06,EE,quantile,0.750,20.0
2026-09-02,hospital admissions,2,2026-09-06,EE,quantile,0.800,26.0
2026-09-02,hospital admissions,2,2026-09-06,EE,quantile,0.850,32.0
2026-09-02,hospital admissions,2,2026-09-06,EE,quantile,0.900,41.0
2026-09-02,hospital admissions,2,2026-09-06,EE,quantile,0.950,58.0
2026-09-02,hospital admissions,2,2026-09-06,EE,quantile,0.975,76.0
2026-09-02,hospital admissions,2,2026-09-06,EE,quantile,0.990,98.01000000000022
2026-09-02,hospital admissions,2,2026-09-06,EE,median,,1.0
2026-09-02,hospital admissions,3,2026-09-13,EE,quantile,0.010,0.0
2026-09-02,hospital admissions,3,2026-09-13,EE,quantile,0.025,0.0
2026-09-02,hospital admissions,3,2026-09-13,EE,quantile,0.050,0.0
2026-09-02,hospital admissions,3,2026-09-13,EE,quantile,0.100,0.0
2026-09-02,hospital admissions,3,2026-09-13,EE,quantile,0.150,0.0
2026-09-02,hospital admissions,3,2026-09-13,EE,quantile,0.200,0.0
2026-09-02,hospital admissions,3,2026-09-13,EE,quantile,0.250,0.0
2026-09-02,hospital admissions,3,2026-09-13,EE,quantile,0.300,0.0
2026-09-02,hospital admissions,3,2026-09-13,EE,quantile,0.350,0.0
2026-09-02,hospital admissions,3,2026-09-13,EE,quantile,0.400,0.0
2026-09-02,hospital admissions,3,2026-09-13,EE,quantile,0.450,0.0
2026-09-02,hospital admissions,3,2026-09-13,EE,quantile,0.500,1.0
2026-09-02,hospital admissions,3,2026-09-13,EE,quantile,0.550,5.0
2026-09-02,hospital admissions,3,2026-09-13,EE,quantile,0.600,9.0
2026-09-02,hospital admissions,3,2026-09-13,EE,quantile,0.650,13.0
2026-09-02,hospital admissions,3,2026-09-13,EE,quantile,0.700,17.0
2026-09-02,hospital admissions,3,2026-09-13,EE,quantile,0.750,22.0
2026-09-02,hospital admissions,3,2026-09-13,EE,quantile,0.800,28.0
2026-09-02,hospital admissions,3,2026-09-13,EE,quantile,0.850,35.0
2026-09-02,hospital admissions,3,2026-09-13,EE,quantile,0.900,45.0
2026-09-02,hospital admissions,3,2026-09-13,EE,quantile,0.950,64.0
2026-09-02,hospital admissions,3,2026-09-13,EE,quantile,0.975,82.0
2026-09-02,hospital admissions,3,2026-09-13,EE,quantile,0.990,103.0
2026-09-02,hospital admissions,3,2026-09-13,EE,median,,1.0
2026-09-02,hospital admissions,4,2026-09-20,EE,quantile,0.010,0.0
2026-09-02,hospital admissions,4,2026-09-20,EE,quantile,0.025,0.0
2026-09-02,hospital admissions,4,2026-09-20,EE,quantile,0.050,0.0
2026-09-02,hospital admissions,4,2026-09-20,EE,quantile,0.100,0.0
2026-09-02,hospital admissions,4,2026-09-20,EE,quantile,0.150,0.0
2026-09-02,hospital admissions,4,2026-09-20,EE,quantile,0.200,0.0
2026-09-02,hospital admissions,4,2026-09-20,EE,quantile,0.250,0.0
2026-09-02,hospital admissions,4,2026-09-20,EE,quantile,0.300,0.0
2026-09-02,hospital admissions,4,2026-09-20,EE,quantile,0.350,0.0
2026-09-02,hospital admissions,4,2026-09-20,EE,quantile,0.400,0.0
2026-09-02,hospital admissions,4,2026-09-20,EE,quantile,0.450,0.0
2026-09-02,hospital admissions,4,2026-09-20,EE,quantile,0.500,1.0
2026-09-02,hospital admissions,4,2026-09-20,EE,quantile,0.550,5.0
2026-09-02,hospital admissions,4,2026-09-20,EE,quantile,0.600,10.0
2026-09-02,hospital admissions,4,2026-09-20,EE,quantile,0.650,14.0
2026-09-02,hospital admissions,4,2026-09-20,EE,quantile,0.700,19.0
2026-09-02,hospital admissions,4,2026-09-20,EE,quantile,0.750,24.0
2026-09-02,hospital admissions,4,2026-09-20,EE,quantile,0.800,31.0
2026-09-02,hospital admissions,4,2026-09-20,EE,quantile,0.850,39.0
2026-09-02,hospital admissions,4,2026-09-20,EE,quantile,0.900,49.0
2026-09-02,hospital admissions,4,2026-09-20,EE,quantile,0.950,68.04999999999927
2026-09-02,hospital admissions,4,2026-09-20,EE,quantile,0.975,88.0
2026-09-02,hospital admissions,4,2026-09-20,EE,quantile,0.990,109.0
2026-09-02,hospital admissions,4,2026-09-20,EE,median,,1.0
2026-09-02,hospital admissions,1,2026-08-30,GR,quantile,0.010,0.0
2026-09-02,hospital admissions,1,2026-08-30,GR,quantile,0.025,0.0
2026-09-02,hospital admissions,1,2026-08-30,GR,quantile,0.050,0.0
2026-09-02,hospital admissions,1,2026-08-30,GR,quantile,0.100,0.0
2026-09-02,hospital admissions,1,2026-08-30,GR,quantile,0.150,0.0
2026-09-02,hospital admissions,1,2026-08-30,GR,quantile,0.200,0.0
2026-09-02,hospital admissions,1,2026-08-30,GR,quantile,0.250,0.0
2026-09-02,hospital admissions,1,2026-08-30,GR,quantile,0.300,0.0
2026-09-02,hospital admissions,1,2026-08-30,GR,quantile,0.350,0.0
2026-09-02,hospital admissions,1,2026-08-30,GR,quantile,0.400,0.0
2026-09-02,hospital admissions,1,2026-08-30,GR,quantile,0.450,10.0
2026-09-02,hospital admissions,1,2026-08-30,GR,quantile,0.500,17.0
2026-09-02,hospital admissions,1,2026-08-30,GR,quantile,0.550,25.0
2026-09-02,hospital admissions,1,2026-08-30,GR,quantile,0.600,34.0
2026-09-02,hospital admissions,1,2026-08-30,GR,quantile,0.650,46.0
2026-09-02,hospital admissions,1,2026-08-30,GR,quantile,0.700,60.0
2026-09-02,hospital admissions,1,2026-08-30,GR,quantile,0.750,80.0
2026-09-02,hospital admissions,1,2026-08-30,GR,quantile,0.800,107.0
2026-09-02,hospital admissions,1,2026-08-30,GR,quantile,0.850,138.0
2026-09-02,hospital admissions,1,2026-08-30,GR,quantile,0.900,172.0
2026-09-02,hospital admissions,1,2026-08-30,GR,quantile,0.950,244.04999999999927
2026-09-02,hospital admissions,1,2026-08-30,GR,quantile,0.975,331.02499999999964
2026-09-02,hospital admissions,1,2026-08-30,GR,quantile,0.990,435.02000000000044
2026-09-02,hospital admissions,1,2026-08-30,GR,median,,17.0
2026-09-02,hospital admissions,2,2026-09-06,GR,quantile,0.010,0.0
2026-09-02,hospital admissions,2,2026-09-06,GR,quantile,0.025,0.0
2026-09-02,hospital admissions,2,2026-09-06,GR,quantile,0.050,0.0
2026-09-02,hospital admissions,2,2026-09-06,GR,quantile,0.100,0.0
2026-09-02,hospital admissions,2,2026-09-06,GR,quantile,0.150,0.0
2026-09-02,hospital admissions,2,2026-09-06,GR,quantile,0.200,0.0
2026-09-02,hospital admissions,2,2026-09-06,GR,quantile,0.250,0.0
2026-09-02,hospital admissions,2,2026-09-06,GR,quantile,0.300,0.0
2026-09-02,hospital admissions,2,2026-09-06,GR,quantile,0.350,0.0
2026-09-02,hospital admissions,2,2026-09-06,GR,quantile,0.400,0.0
2026-09-02,hospital admissions,2,2026-09-06,GR,quantile,0.450,4.0
2026-09-02,hospital admissions,2,2026-09-06,GR,quantile,0.500,16.0
2026-09-02,hospital admissions,2,2026-09-06,GR,quantile,0.550,30.0
2026-09-02,hospital admissions,2,2026-09-06,GR,quantile,0.600,45.0
2026-09-02,hospital admissions,2,2026-09-06,GR,quantile,0.650,62.0
2026-09-02,hospital admissions,2,2026-09-06,GR,quantile,0.700,85.0
2026-09-02,hospital admissions,2,2026-09-06,GR,quantile,0.750,109.0
2026-09-02,hospital admissions,2,2026-09-06,GR,quantile,0.800,137.0
2026-09-02,hospital admissions,2,2026-09-06,GR,quantile,0.850,168.0
2026-09-02,hospital admissions,2,2026-09-06,GR,quantile,0.900,214.10000000000036
2026-09-02,hospital admissions,2,2026-09-06,GR,quantile,0.950,313.0
2026-09-02,hospital admissions,2,2026-09-06,GR,quantile,0.975,392.0499999999993
2026-09-02,hospital admissions,2,2026-09-06,GR,quantile,0.990,534.0
2026-09-02,hospital admissions,2,2026-09-06,GR,median,,16.0
2026-09-02,hospital admissions,3,2026-09-13,GR,quantile,0.010,0.0
2026-09-02,hospital admissions,3,2026-09-13,GR,quantile,0.025,0.0
2026-09-02,hospital admissions,3,2026-09-13,GR,quantile,0.050,0.0
2026-09-02,hospital admissions,3,2026-09-13,GR,quantile,0.100,0.0
2026-09-02,hospital admissions,3,2026-09-13,GR,quantile,0.150,0.0
2026-09-02,hospital admissions,3,2026-09-13,GR,quantile,0.200,0.0
2026-09-02,hospital admissions,3,2026-09-13,GR,quantile,0.250,0.0
2026-09-02,hospital admissions,3,2026-09-13,GR,quantile,0.300,0.0
2026-09-02,hospital admissions,3,2026-09-13,GR,quantile,0.350,0.0
2026-09-02,hospital admissions,3,2026-09-13,GR,quantile,0.400,0.0
2026-09-02,hospital admissions,3,2026-09-13,GR,quantile,0.450,0.0
2026-09-02,hospital admissions,3,2026-09-13,GR,quantile,0.500,17.0
2026-09-02,hospital admissions,3,2026-09-13,GR,quantile,0.550,34.0
2026-09-02,hospital admissions,3,2026-09-13,GR,quantile,0.600,54.0
2026-09-02,hospital admissions,3,2026-09-13,GR,quantile,0.650,76.0
2026-09-02,hospital admissions,3,2026-09-13,GR,quantile,0.700,101.0
2026-09-02,hospital admissions,3,2026-09-13,GR,quantile,0.750,128.0
2026-09-02,hospital admissions,3,2026-09-13,GR,quantile,0.800,160.0
2026-09-02,hospital admissions,3,2026-09-13,GR,quantile,0.850,199.0
2026-09-02,hospital admissions,3,2026-09-13,GR,quantile,0.900,256.0
2026-09-02,hospital admissions,3,2026-09-13,GR,quantile,0.950,350.0
2026-09-02,hospital admissions,3,2026-09-13,GR,quantile,0.975,447.0
2026-09-02,hospital admissions,3,2026-09-13,GR,quantile,0.990,560.0100000000002
2026-09-02,hospital admissions,3,2026-09-13,GR,median,,17.0
2026-09-02,hospital admissions,4,2026-09-20,GR,quantile,0.010,0.0
2026-09-02,hospital admissions,4,2026-09-20,GR,quantile,0.025,0.0
2026-09-02,hospital admissions,4,2026-09-20,GR,quantile,0.050,0.0
2026-09-02,hospital admissions,4,2026-09-20,GR,quantile,0.100,0.0
2026-09-02,hospital admissions,4,2026-09-20,GR,quantile,0.150,0.0
2026-09-02,hospital admissions,4,2026-09-20,GR,quantile,0.200,0.0
2026-09-02,hospital admissions,4,2026-09-20,GR,quantile,0.250,0.0
2026-09-02,hospital admissions,4,2026-09-20,GR,quantile,0.300,0.0
2026-09-02,hospital admissions,4,2026-09-20,GR,quantile,0.350,0.0
2026-09-02,hospital admissions,4,2026-09-20,GR,quantile,0.400,0.0
2026-09-02,hospital admissions,4,2026-09-20,GR,quantile,0.450,0.0
2026-09-02,hospital admissions,4,2026-09-20,GR,quantile,0.500,17.0
2026-09-02,hospital admissions,4,2026-09-20,GR,quantile,0.550,39.0
2026-09-02,hospital admissions,4,2026-09-20,GR,quantile,0.600,63.0
2026-09-02,hospital admissions,4,2026-09-20,GR,quantile,0.650,88.0
2026-09-02,hospital admissions,4,2026-09-20,GR,quantile,0.700,116.0
2026-09-02,hospital admissions,4,2026-09-20,GR,quantile,0.750,146.0
2026-09-02,hospital admissions,4,2026-09-20,GR,quantile,0.800,184.0
2026-09-02,hospital admissions,4,2026-09-20,GR,quantile,0.850,228.0
2026-09-02,hospital admissions,4,2026-09-20,GR,quantile,0.900,295.10000000000036
2026-09-02,hospital admissions,4,2026-09-20,GR,quantile,0.950,388.09999999999854
2026-09-02,hospital admissions,4,2026-09-20,GR,quantile,0.975,480.0
2026-09-02,hospital admissions,4,2026-09-20,GR,quantile,0.990,608.0
2026-09-02,hospital admissions,4,2026-09-20,GR,median,,17.0
2026-09-02,hospital admissions,1,2026-08-30,IE,quantile,0.010,0.0
2026-09-02,hospital admissions,1,2026-08-30,IE,quantile,0.025,0.0
2026-09-02,hospital admissions,1,2026-08-30,IE,quantile,0.050,0.0
2026-09-02,hospital admissions,1,2026-08-30,IE,quantile,0.100,0.0
2026-09-02,hospital admissions,1,2026-08-30,IE,quantile,0.150,0.0
2026-09-02,hospital admissions,1,2026-08-30,IE,quantile,0.200,3.0
2026-09-02,hospital admissions,1,2026-08-30,IE,quantile,0.250,18.0
2026-09-02,hospital admissions,1,2026-08-30,IE,quantile,0.300,26.0
2026-09-02,hospital admissions,1,2026-08-30,IE,quantile,0.350,35.0
2026-09-02,hospital admissions,1,2026-08-30,IE,quantile,0.400,40.0
2026-09-02,hospital admissions,1,2026-08-30,IE,quantile,0.450,44.0
2026-09-02,hospital admissions,1,2026-08-30,IE,quantile,0.500,48.0
2026-09-02,hospital admissions,1,2026-08-30,IE,quantile,0.550,51.0
2026-09-02,hospital admissions,1,2026-08-30,IE,quantile,0.600,55.0
2026-09-02,hospital admissions,1,2026-08-30,IE,quantile,0.650,60.0
2026-09-02,hospital admissions,1,2026-08-30,IE,quantile,0.700,68.0
2026-09-02,hospital admissions,1,2026-08-30,IE,quantile,0.750,77.0
2026-09-02,hospital admissions,1,2026-08-30,IE,quantile,0.800,91.0
2026-09-02,hospital admissions,1,2026-08-30,IE,quantile,0.850,108.0
2026-09-02,hospital admissions,1,2026-08-30,IE,quantile,0.900,130.10000000000036
2026-09-02,hospital admissions,1,2026-08-30,IE,quantile,0.950,169.0
2026-09-02,hospital admissions,1,2026-08-30,IE,quantile,0.975,212.0
2026-09-02,hospital admissions,1,2026-08-30,IE,quantile,0.990,247.0
2026-09-02,hospital admissions,1,2026-08-30,IE,median,,48.0
2026-09-02,hospital admissions,2,2026-09-06,IE,quantile,0.010,0.0
2026-09-02,hospital admissions,2,2026-09-06,IE,quantile,0.025,0.0
2026-09-02,hospital admissions,2,2026-09-06,IE,quantile,0.050,0.0
2026-09-02,hospital admissions,2,2026-09-06,IE,quantile,0.100,0.0
2026-09-02,hospital admissions,2,2026-09-06,IE,quantile,0.150,0.0
2026-09-02,hospital admissions,2,2026-09-06,IE,quantile,0.200,0.0
2026-09-02,hospital admissions,2,2026-09-06,IE,quantile,0.250,3.75
2026-09-02,hospital admissions,2,2026-09-06,IE,quantile,0.300,16.0
2026-09-02,hospital admissions,2,2026-09-06,IE,quantile,0.350,26.0
2026-09-02,hospital admissions,2,2026-09-06,IE,quantile,0.400,35.0
2026-09-02,hospital admissions,2,2026-09-06,IE,quantile,0.450,41.0
2026-09-02,hospital admissions,2,2026-09-06,IE,quantile,0.500,48.0
2026-09-02,hospital admissions,2,2026-09-06,IE,quantile,0.550,54.0
2026-09-02,hospital admissions,2,2026-09-06,IE,quantile,0.600,61.0
2026-09-02,hospital admissions,2,2026-09-06,IE,quantile,0.650,70.0
2026-09-02,hospital admissions,2,2026-09-06,IE,quantile,0.700,80.0
2026-09-02,hospital admissions,2,2026-09-06,IE,quantile,0.750,92.25
2026-09-02,hospital admissions,2,2026-09-06,IE,quantile,0.800,109.0
2026-09-02,hospital admissions,2,2026-09-06,IE,quantile,0.850,128.0
2026-09-02,hospital admissions,2,2026-09-06,IE,quantile,0.900,157.0
2026-09-02,hospital admissions,2,2026-09-06,IE,quantile,0.950,201.0
2026-09-02,hospital admissions,2,2026-09-06,IE,quantile,0.975,237.02499999999964
2026-09-02,hospital admissions,2,2026-09-06,IE,quantile,0.990,276.0
2026-09-02,hospital admissions,2,2026-09-06,IE,median,,48.0
2026-09-02,hospital admissions,3,2026-09-13,IE,quantile,0.010,0.0
2026-09-02,hospital admissions,3,2026-09-13,IE,quantile,0.025,0.0
2026-09-02,hospital admissions,3,2026-09-13,IE,quantile,0.050,0.0
2026-09-02,hospital admissions,3,2026-09-13,IE,quantile,0.100,0.0
2026-09-02,hospital admissions,3,2026-09-13,IE,quantile,0.150,0.0
2026-09-02,hospital admissions,3,2026-09-13,IE,quantile,0.200,0.0
2026-09-02,hospital admissions,3,2026-09-13,IE,quantile,0.250,0.0
2026-09-02,hospital admissions,3,2026-09-13,IE,quantile,0.300,8.0
2026-09-02,hospital admissions,3,2026-09-13,IE,quantile,0.350,19.0
2026-09-02,hospital admissions,3,2026-09-13,IE,quantile,0.400,29.0
2026-09-02,hospital admissions,3,2026-09-13,IE,quantile,0.450,39.0
2026-09-02,hospital admissions,3,2026-09-13,IE,quantile,0.500,49.0
2026-09-02,hospital admissions,3,2026-09-13,IE,quantile,0.550,57.0
2026-09-02,hospital admissions,3,2026-09-13,IE,quantile,0.600,67.0
2026-09-02,hospital admissions,3,2026-09-13,IE,quantile,0.650,78.0
2026-09-02,hospital admissions,3,2026-09-13,IE,quantile,0.700,91.0
2026-09-02,hospital admissions,3,2026-09-13,IE,quantile,0.750,105.0
2026-09-02,hospital admissions,3,2026-09-13,IE,quantile,0.800,122.0
2026-09-02,hospital admissions,3,2026-09-13,IE,quantile,0.850,144.0
2026-09-02,hospital admissions,3,2026-09-13,IE,quantile,0.900,175.0
2026-09-02,hospital admissions,3,2026-09-13,IE,quantile,0.950,220.0
2026-09-02,hospital admissions,3,2026-09-13,IE,quantile,0.975,257.0
2026-09-02,hospital admissions,3,2026-09-13,IE,quantile,0.990,307.0100000000002
2026-09-02,hospital admissions,3,2026-09-13,IE,median,,49.0
2026-09-02,hospital admissions,4,2026-09-20,IE,quantile,0.010,0.0
2026-09-02,hospital admissions,4,2026-09-20,IE,quantile,0.025,0.0
2026-09-02,hospital admissions,4,2026-09-20,IE,quantile,0.050,0.0
2026-09-02,hospital admissions,4,2026-09-20,IE,quantile,0.100,0.0
2026-09-02,hospital admissions,4,2026-09-20,IE,quantile,0.150,0.0
2026-09-02,hospital admissions,4,2026-09-20,IE,quantile,0.200,0.0
2026-09-02,hospital admissions,4,2026-09-20,IE,quantile,0.250,0.0
2026-09-02,hospital admissions,4,2026-09-20,IE,quantile,0.300,0.0
2026-09-02,hospital admissions,4,2026-09-20,IE,quantile,0.350,12.0
2026-09-02,hospital admissions,4,2026-09-20,IE,quantile,0.400,25.0
2026-09-02,hospital admissions,4,2026-09-20,IE,quantile,0.450,36.0
2026-09-02,hospital admissions,4,2026-09-20,IE,quantile,0.500,48.0
2026-09-02,hospital admissions,4,2026-09-20,IE,quantile,0.550,58.0
2026-09-02,hospital admissions,4,2026-09-20,IE,quantile,0.600,71.0
2026-09-02,hospital admissions,4,2026-09-20,IE,quantile,0.650,83.0
2026-09-02,hospital admissions,4,2026-09-20,IE,quantile,0.700,99.0
2026-09-02,hospital admissions,4,2026-09-20,IE,quantile,0.750,115.0
2026-09-02,hospital admissions,4,2026-09-20,IE,quantile,0.800,135.0
2026-09-02,hospital admissions,4,2026-09-20,IE,quantile,0.850,160.0
2026-09-02,hospital admissions,4,2026-09-20,IE,quantile,0.900,192.0
2026-09-02,hospital admissions,4,2026-09-20,IE,quantile,0.950,239.0
2026-09-02,hospital admissions,4,2026-09-20,IE,quantile,0.975,281.0
2026-09-02,hospital admissions,4,2026-09-20,IE,quantile,0.990,334.0100000000002
2026-09-02,hospital admissions,4,2026-09-20,IE,median,,48.0
2026-09-02,hospital admissions,1,2026-08-30,LV,quantile,0.010,0.0
2026-09-02,hospital admissions,1,2026-08-30,LV,quantile,0.025,0.0
2026-09-02,hospital admissions,1,2026-08-30,LV,quantile,0.050,0.0
2026-09-02,hospital admissions,1,2026-08-30,LV,quantile,0.100,0.0
2026-09-02,hospital admissions,1,2026-08-30,LV,quantile,0.150,0.0
2026-09-02,hospital admissions,1,2026-08-30,LV,quantile,0.200,0.0
2026-09-02,hospital admissions,1,2026-08-30,LV,quantile,0.250,0.0
2026-09-02,hospital admissions,1,2026-08-30,LV,quantile,0.300,0.0
2026-09-02,hospital admissions,1,2026-08-30,LV,quantile,0.350,0.0
2026-09-02,hospital admissions,1,2026-08-30,LV,quantile,0.400,0.0
2026-09-02,hospital admissions,1,2026-08-30,LV,quantile,0.450,0.0
2026-09-02,hospital admissions,1,2026-08-30,LV,quantile,0.500,0.0
2026-09-02,hospital admissions,1,2026-08-30,LV,quantile,0.550,1.0
2026-09-02,hospital admissions,1,2026-08-30,LV,quantile,0.600,3.0
2026-09-02,hospital admissions,1,2026-08-30,LV,quantile,0.650,5.0
2026-09-02,hospital admissions,1,2026-08-30,LV,quantile,0.700,7.0
2026-09-02,hospital admissions,1,2026-08-30,LV,quantile,0.750,9.0
2026-09-02,hospital admissions,1,2026-08-30,LV,quantile,0.800,13.0
2026-09-02,hospital admissions,1,2026-08-30,LV,quantile,0.850,16.0
2026-09-02,hospital admissions,1,2026-08-30,LV,quantile,0.900,21.0
2026-09-02,hospital admissions,1,2026-08-30,LV,quantile,0.950,33.04999999999927
2026-09-02,hospital admissions,1,2026-08-30,LV,quantile,0.975,64.0
2026-09-02,hospital admissions,1,2026-08-30,LV,quantile,0.990,84.0
2026-09-02,hospital admissions,1,2026-08-30,LV,median,,0.0
2026-09-02,hospital admissions,2,2026-09-06,LV,quantile,0.010,0.0
2026-09-02,hospital admissions,2,2026-09-06,LV,quantile,0.025,0.0
2026-09-02,hospital admissions,2,2026-09-06,LV,quantile,0.050,0.0
2026-09-02,hospital admissions,2,2026-09-06,LV,quantile,0.100,0.0
2026-09-02,hospital admissions,2,2026-09-06,LV,quantile,0.150,0.0
2026-09-02,hospital admissions,2,2026-09-06,LV,quantile,0.200,0.0
2026-09-02,hospital admissions,2,2026-09-06,LV,quantile,0.250,0.0
2026-09-02,hospital admissions,2,2026-09-06,LV,quantile,0.300,0.0
2026-09-02,hospital admissions,2,2026-09-06,LV,quantile,0.350,0.0
2026-09-02,hospital admissions,2,2026-09-06,LV,quantile,0.400,0.0
2026-09-02,hospital admissions,2,2026-09-06,LV,quantile,0.450,0.0
2026-09-02,hospital admissions,2,2026-09-06,LV,quantile,0.500,0.0
2026-09-02,hospital admissions,2,2026-09-06,LV,quantile,0.550,2.0
2026-09-02,hospital admissions,2,2026-09-06,LV,quantile,0.600,4.0
2026-09-02,hospital admissions,2,2026-09-06,LV,quantile,0.650,7.0
2026-09-02,hospital admissions,2,2026-09-06,LV,quantile,0.700,10.0
2026-09-02,hospital admissions,2,2026-09-06,LV,quantile,0.750,13.0
2026-09-02,hospital admissions,2,2026-09-06,LV,quantile,0.800,17.0
2026-09-02,hospital admissions,2,2026-09-06,LV,quantile,0.850,21.0
2026-09-02,hospital admissions,2,2026-09-06,LV,quantile,0.900,28.0
2026-09-02,hospital admissions,2,2026-09-06,LV,quantile,0.950,53.0
2026-09-02,hospital admissions,2,2026-09-06,LV,quantile,0.975,74.0
2026-09-02,hospital admissions,2,2026-09-06,LV,quantile,0.990,245.01000000000022
2026-09-02,hospital admissions,2,2026-09-06,LV,median,,0.0
2026-09-02,hospital admissions,3,2026-09-13,LV,quantile,0.010,0.0
2026-09-02,hospital admissions,3,2026-09-13,LV,quantile,0.025,0.0
2026-09-02,hospital admissions,3,2026-09-13,LV,quantile,0.050,0.0
2026-09-02,hospital admissions,3,2026-09-13,LV,quantile,0.100,0.0
2026-09-02,hospital admissions,3,2026-09-13,LV,quantile,0.150,0.0
2026-09-02,hospital admissions,3,2026-09-13,LV,quantile,0.200,0.0
2026-09-02,hospital admissions,3,2026-09-13,LV,quantile,0.250,0.0
2026-09-02,hospital admissions,3,2026-09-13,LV,quantile,0.300,0.0
2026-09-02,hospital admissions,3,2026-09-13,LV,quantile,0.350,0.0
2026-09-02,hospital admissions,3,2026-09-13,LV,quantile,0.400,0.0
2026-09-02,hospital admissions,3,2026-09-13,LV,quantile,0.450,0.0
2026-09-02,hospital admissions,3,2026-09-13,LV,quantile,0.500,0.0
2026-09-02,hospital admissions,3,2026-09-13,LV,quantile,0.550,3.0
2026-09-02,hospital admissions,3,2026-09-13,LV,quantile,0.600,6.0
2026-09-02,hospital admissions,3,2026-09-13,LV,quantile,0.650,9.0
2026-09-02,hospital admissions,3,2026-09-13,LV,quantile,0.700,12.0
2026-09-02,hospital admissions,3,2026-09-13,LV,quantile,0.750,16.0
2026-09-02,hospital admissions,3,2026-09-13,LV,quantile,0.800,20.0
2026-09-02,hospital admissions,3,2026-09-13,LV,quantile,0.850,26.0
2026-09-02,hospital admissions,3,2026-09-13,LV,quantile,0.900,36.100000000000364
2026-09-02,hospital admissions,3,2026-09-13,LV,quantile,0.950,64.0
2026-09-02,hospital admissions,3,2026-09-13,LV,quantile,0.975,87.0
2026-09-02,hospital admissions,3,2026-09-13,LV,quantile,0.990,254.0
2026-09-02,hospital admissions,3,2026-09-13,LV,median,,0.0
2026-09-02,hospital admissions,4,2026-09-20,LV,quantile,0.010,0.0
2026-09-02,hospital admissions,4,2026-09-20,LV,quantile,0.025,0.0
2026-09-02,hospital admissions,4,2026-09-20,LV,quantile,0.050,0.0
2026-09-02,hospital admissions,4,2026-09-20,LV,quantile,0.100,0.0
2026-09-02,hospital admissions,4,2026-09-20,LV,quantile,0.150,0.0
2026-09-02,hospital admissions,4,2026-09-20,LV,quantile,0.200,0.0
2026-09-02,hospital admissions,4,2026-09-20,LV,quantile,0.250,0.0
2026-09-02,hospital admissions,4,2026-09-20,LV,quantile,0.300,0.0
2026-09-02,hospital admissions,4,2026-09-20,LV,quantile,0.350,0.0
2026-09-02,hospital admissions,4,2026-09-20,LV,quantile,0.400,0.0
2026-09-02,hospital admissions,4,2026-09-20,LV,quantile,0.450,0.0
2026-09-02,hospital admissions,4,2026-09-20,LV,quantile,0.500,0.0
2026-09-02,hospital admissions,4,2026-09-20,LV,quantile,0.550,3.0
2026-09-02,hospital admissions,4,2026-09-20,LV,quantile,0.600,7.0
2026-09-02,hospital admissions,4,2026-09-20,LV,quantile,0.650,10.0
2026-09-02,hospital admissions,4,2026-09-20,LV,quantile,0.700,14.0
2026-09-02,hospital admissions,4,2026-09-20,LV,quantile,0.750,18.25
2026-09-02,hospital admissions,4,2026-09-20,LV,quantile,0.800,24.200000000000728
2026-09-02,hospital admissions,4,2026-09-20,LV,quantile,0.850,32.0
2026-09-02,hospital admissions,4,2026-09-20,LV,quantile,0.900,45.0
2026-09-02,hospital admissions,4,2026-09-20,LV,quantile,0.950,72.0
2026-09-02,hospital admissions,4,2026-09-20,LV,quantile,0.975,117.02499999999964
2026-09-02,hospital admissions,4,2026-09-20,LV,quantile,0.990,260.0100000000002
2026-09-02,hospital admissions,4,2026-09-20,LV,median,,0.0
2026-09-02,hospital admissions,1,2026-08-30,MT,quantile,0.010,0.0
2026-09-02,hospital admissions,1,2026-08-30,MT,quantile,0.025,0.0
2026-09-02,hospital admissions,1,2026-08-30,MT,quantile,0.050,0.0
2026-09-02,hospital admissions,1,2026-08-30,MT,quantile,0.100,4.0
2026-09-02,hospital admissions,1,2026-08-30,MT,quantile,0.150,7.0
2026-09-02,hospital admissions,1,2026-08-30,MT,quantile,0.200,9.0
2026-09-02,hospital admissions,1,2026-08-30,MT,quantile,0.250,10.0
2026-09-02,hospital admissions,1,2026-08-30,MT,quantile,0.300,12.0
2026-09-02,hospital admissions,1,2026-08-30,MT,quantile,0.350,13.0
2026-09-02,hospital admissions,1,2026-08-30,MT,quantile,0.400,14.0
2026-09-02,hospital admissions,1,2026-08-30,MT,quantile,0.450,15.0
2026-09-02,hospital admissions,1,2026-08-30,MT,quantile,0.500,16.0
2026-09-02,hospital admissions,1,2026-08-30,MT,quantile,0.550,17.0
2026-09-02,hospital admissions,1,2026-08-30,MT,quantile,0.600,18.0
2026-09-02,hospital admissions,1,2026-08-30,MT,quantile,0.650,19.0
2026-09-02,hospital admissions,1,2026-08-30,MT,quantile,0.700,21.0
2026-09-02,hospital admissions,1,2026-08-30,MT,quantile,0.750,22.0
2026-09-02,hospital admissions,1,2026-08-30,MT,quantile,0.800,24.0
2026-09-02,hospital admissions,1,2026-08-30,MT,quantile,0.850,26.0
2026-09-02,hospital admissions,1,2026-08-30,MT,quantile,0.900,29.0
2026-09-02,hospital admissions,1,2026-08-30,MT,quantile,0.950,35.0
2026-09-02,hospital admissions,1,2026-08-30,MT,quantile,0.975,39.0
2026-09-02,hospital admissions,1,2026-08-30,MT,quantile,0.990,46.0
2026-09-02,hospital admissions,1,2026-08-30,MT,median,,16.0
2026-09-02,hospital admissions,2,2026-09-06,MT,quantile,0.010,0.0
2026-09-02,hospital admissions,2,2026-09-06,MT,quantile,0.025,0.0
2026-09-02,hospital admissions,2,2026-09-06,MT,quantile,0.050,0.0
2026-09-02,hospital admissions,2,2026-09-06,MT,quantile,0.100,0.0
2026-09-02,hospital admissions,2,2026-09-06,MT,quantile,0.150,4.0
2026-09-02,hospital admissions,2,2026-09-06,MT,quantile,0.200,7.0
2026-09-02,hospital admissions,2,2026-09-06,MT,quantile,0.250,9.0
2026-09-02,hospital admissions,2,2026-09-06,MT,quantile,0.300,11.0
2026-09-02,hospital admissions,2,2026-09-06,MT,quantile,0.350,12.0
2026-09-02,hospital admissions,2,2026-09-06,MT,quantile,0.400,14.0
2026-09-02,hospital admissions,2,2026-09-06,MT,quantile,0.450,15.0
2026-09-02,hospital admissions,2,2026-09-06,MT,quantile,0.500,16.0
2026-09-02,hospital admissions,2,2026-09-06,MT,quantile,0.550,18.0
2026-09-02,hospital admissions,2,2026-09-06,MT,quantile,0.600,19.0
2026-09-02,hospital admissions,2,2026-09-06,MT,quantile,0.650,20.0
2026-09-02,hospital admissions,2,2026-09-06,MT,quantile,0.700,22.0
2026-09-02,hospital admissions,2,2026-09-06,MT,quantile,0.750,24.0
2026-09-02,hospital admissions,2,2026-09-06,MT,quantile,0.800,26.0
2026-09-02,hospital admissions,2,2026-09-06,MT,quantile,0.850,28.0
2026-09-02,hospital admissions,2,2026-09-06,MT,quantile,0.900,32.0
2026-09-02,hospital admissions,2,2026-09-06,MT,quantile,0.950,38.0
2026-09-02,hospital admissions,2,2026-09-06,MT,quantile,0.975,45.0
2026-09-02,hospital admissions,2,2026-09-06,MT,quantile,0.990,51.0
2026-09-02,hospital admissions,2,2026-09-06,MT,median,,16.0
2026-09-02,hospital admissions,3,2026-09-13,MT,quantile,0.010,0.0
2026-09-02,hospital admissions,3,2026-09-13,MT,quantile,0.025,0.0
2026-09-02,hospital admissions,3,2026-09-13,MT,quantile,0.050,0.0
2026-09-02,hospital admissions,3,2026-09-13,MT,quantile,0.100,0.0
2026-09-02,hospital admissions,3,2026-09-13,MT,quantile,0.150,2.0
2026-09-02,hospital admissions,3,2026-09-13,MT,quantile,0.200,4.0
2026-09-02,hospital admissions,3,2026-09-13,MT,quantile,0.250,7.0
2026-09-02,hospital admissions,3,2026-09-13,MT,quantile,0.300,9.0
2026-09-02,hospital admissions,3,2026-09-13,MT,quantile,0.350,11.0
2026-09-02,hospital admissions,3,2026-09-13,MT,quantile,0.400,13.0
2026-09-02,hospital admissions,3,2026-09-13,MT,quantile,0.450,15.0
2026-09-02,hospital admissions,3,2026-09-13,MT,quantile,0.500,16.0
2026-09-02,hospital admissions,3,2026-09-13,MT,quantile,0.550,18.0
2026-09-02,hospital admissions,3,2026-09-13,MT,quantile,0.600,19.0
2026-09-02,hospital admissions,3,2026-09-13,MT,quantile,0.650,21.0
2026-09-02,hospital admissions,3,2026-09-13,MT,quantile,0.700,23.0
2026-09-02,hospital admissions,3,2026-09-13,MT,quantile,0.750,25.0
2026-09-02,hospital admissions,3,2026-09-13,MT,quantile,0.800,28.0
2026-09-02,hospital admissions,3,2026-09-13,MT,quantile,0.850,31.0
2026-09-02,hospital admissions,3,2026-09-13,MT,quantile,0.900,35.0
2026-09-02,hospital admissions,3,2026-09-13,MT,quantile,0.950,41.0
2026-09-02,hospital admissions,3,2026-09-13,MT,quantile,0.975,48.0
2026-09-02,hospital admissions,3,2026-09-13,MT,quantile,0.990,56.0
2026-09-02,hospital admissions,3,2026-09-13,MT,median,,16.0
2026-09-02,hospital admissions,4,2026-09-20,MT,quantile,0.010,0.0
2026-09-02,hospital admissions,4,2026-09-20,MT,quantile,0.025,0.0
2026-09-02,hospital admissions,4,2026-09-20,MT,quantile,0.050,0.0
2026-09-02,hospital admissions,4,2026-09-20,MT,quantile,0.100,0.0
2026-09-02,hospital admissions,4,2026-09-20,MT,quantile,0.150,0.0
2026-09-02,hospital admissions,4,2026-09-20,MT,quantile,0.200,3.0
2026-09-02,hospital admissions,4,2026-09-20,MT,quantile,0.250,6.0
2026-09-02,hospital admissions,4,2026-09-20,MT,quantile,0.300,8.0
2026-09-02,hospital admissions,4,2026-09-20,MT,quantile,0.350,10.0
2026-09-02,hospital admissions,4,2026-09-20,MT,quantile,0.400,12.0
2026-09-02,hospital admissions,4,2026-09-20,MT,quantile,0.450,14.0
2026-09-02,hospital admissions,4,2026-09-20,MT,quantile,0.500,16.0
2026-09-02,hospital admissions,4,2026-09-20,MT,quantile,0.550,18.0
2026-09-02,hospital admissions,4,2026-09-20,MT,quantile,0.600,20.0
2026-09-02,hospital admissions,4,2026-09-20,MT,quantile,0.650,22.0
2026-09-02,hospital admissions,4,2026-09-20,MT,quantile,0.700,24.0
2026-09-02,hospital admissions,4,2026-09-20,MT,quantile,0.750,26.0
2026-09-02,hospital admissions,4,2026-09-20,MT,quantile,0.800,29.0
2026-09-02,hospital admissions,4,2026-09-20,MT,quantile,0.850,33.0
2026-09-02,hospital admissions,4,2026-09-20,MT,quantile,0.900,37.0
2026-09-02,hospital admissions,4,2026-09-20,MT,quantile,0.950,44.0
2026-09-02,hospital admissions,4,2026-09-20,MT,quantile,0.975,51.0
2026-09-02,hospital admissions,4,2026-09-20,MT,quantile,0.990,59.0
2026-09-02,hospital admissions,4,2026-09-20,MT,median,,16.0
2026-09-02,hospital admissions,1,2026-08-30,PL,quantile,0.010,0.0
2026-09-02,hospital admissions,1,2026-08-30,PL,quantile,0.025,0.0
2026-09-02,hospital admissions,1,2026-08-30,PL,quantile,0.050,0.0
2026-09-02,hospital admissions,1,2026-08-30,PL,quantile,0.100,0.0
2026-09-02,hospital admissions,1,2026-08-30,PL,quantile,0.150,0.0
2026-09-02,hospital admissions,1,2026-08-30,PL,quantile,0.200,0.0
2026-09-02,hospital admissions,1,2026-08-30,PL,quantile,0.250,0.0
2026-09-02,hospital admissions,1,2026-08-30,PL,quantile,0.300,0.0
2026-09-02,hospital admissions,1,2026-08-30,PL,quantile,0.350,0.0
2026-09-02,hospital admissions,1,2026-08-30,PL,quantile,0.400,1.0
2026-09-02,hospital admissions,1,2026-08-30,PL,quantile,0.450,2.0
2026-09-02,hospital admissions,1,2026-08-30,PL,quantile,0.500,4.0
2026-09-02,hospital admissions,1,2026-08-30,PL,quantile,0.550,5.0
2026-09-02,hospital admissions,1,2026-08-30,PL,quantile,0.600,7.0
2026-09-02,hospital admissions,1,2026-08-30,PL,quantile,0.650,10.0
2026-09-02,hospital admissions,1,2026-08-30,PL,quantile,0.700,13.0
2026-09-02,hospital admissions,1,2026-08-30,PL,quantile,0.750,16.0
2026-09-02,hospital admissions,1,2026-08-30,PL,quantile,0.800,19.0
2026-09-02,hospital admissions,1,2026-08-30,PL,quantile,0.850,25.0
2026-09-02,hospital admissions,1,2026-08-30,PL,quantile,0.900,33.0
2026-09-02,hospital admissions,1,2026-08-30,PL,quantile,0.950,46.0
2026-09-02,hospital admissions,1,2026-08-30,PL,quantile,0.975,59.0
2026-09-02,hospital admissions,1,2026-08-30,PL,quantile,0.990,81.01000000000022
2026-09-02,hospital admissions,1,2026-08-30,PL,median,,4.0
2026-09-02,hospital admissions,2,2026-09-06,PL,quantile,0.010,0.0
2026-09-02,hospital admissions,2,2026-09-06,PL,quantile,0.025,0.0
2026-09-02,hospital admissions,2,2026-09-06,PL,quantile,0.050,0.0
2026-09-02,hospital admissions,2,2026-09-06,PL,quantile,0.100,0.0
2026-09-02,hospital admissions,2,2026-09-06,PL,quantile,0.150,0.0
2026-09-02,hospital admissions,2,2026-09-06,PL,quantile,0.200,0.0
2026-09-02,hospital admissions,2,2026-09-06,PL,quantile,0.250,0.0
2026-09-02,hospital admissions,2,2026-09-06,PL,quantile,0.300,0.0
2026-09-02,hospital admissions,2,2026-09-06,PL,quantile,0.350,0.0
2026-09-02,hospital admissions,2,2026-09-06,PL,quantile,0.400,0.0
2026-09-02,hospital admissions,2,2026-09-06,PL,quantile,0.450,2.0
2026-09-02,hospital admissions,2,2026-09-06,PL,quantile,0.500,4.0
2026-09-02,hospital admissions,2,2026-09-06,PL,quantile,0.550,7.0
2026-09-02,hospital admissions,2,2026-09-06,PL,quantile,0.600,10.0
2026-09-02,hospital admissions,2,2026-09-06,PL,quantile,0.650,13.0
2026-09-02,hospital admissions,2,2026-09-06,PL,quantile,0.700,16.0
2026-09-02,hospital admissions,2,2026-09-06,PL,quantile,0.750,21.0
2026-09-02,hospital admissions,2,2026-09-06,PL,quantile,0.800,26.0
2026-09-02,hospital admissions,2,2026-09-06,PL,quantile,0.850,32.0
2026-09-02,hospital admissions,2,2026-09-06,PL,quantile,0.900,41.0
2026-09-02,hospital admissions,2,2026-09-06,PL,quantile,0.950,56.0
2026-09-02,hospital admissions,2,2026-09-06,PL,quantile,0.975,72.0
2026-09-02,hospital admissions,2,2026-09-06,PL,quantile,0.990,92.0
2026-09-02,hospital admissions,2,2026-09-06,PL,median,,4.0
2026-09-02,hospital admissions,3,2026-09-13,PL,quantile,0.010,0.0
2026-09-02,hospital admissions,3,2026-09-13,PL,quantile,0.025,0.0
2026-09-02,hospital admissions,3,2026-09-13,PL,quantile,0.050,0.0
2026-09-02,hospital admissions,3,2026-09-13,PL,quantile,0.100,0.0
2026-09-02,hospital admissions,3,2026-09-13,PL,quantile,0.150,0.0
2026-09-02,hospital admissions,3,2026-09-13,PL,quantile,0.200,0.0
2026-09-02,hospital admissions,3,2026-09-13,PL,quantile,0.250,0.0
2026-09-02,hospital admissions,3,2026-09-13,PL,quantile,0.300,0.0
2026-09-02,hospital admissions,3,2026-09-13,PL,quantile,0.350,0.0
2026-09-02,hospital admissions,3,2026-09-13,PL,quantile,0.400,0.0
2026-09-02,hospital admissions,3,2026-09-13,PL,quantile,0.450,1.0
2026-09-02,hospital admissions,3,2026-09-13,PL,quantile,0.500,4.0
2026-09-02,hospital admissions,3,2026-09-13,PL,quantile,0.550,8.0
2026-09-02,hospital admissions,3,2026-09-13,PL,quantile,0.600,12.0
2026-09-02,hospital admissions,3,2026-09-13,PL,quantile,0.650,15.0
2026-09-02,hospital admissions,3,2026-09-13,PL,quantile,0.700,19.0
2026-09-02,hospital admissions,3,2026-09-13,PL,quantile,0.750,25.0
2026-09-02,hospital admissions,3,2026-09-13,PL,quantile,0.800,30.0
2026-09-02,hospital admissions,3,2026-09-13,PL,quantile,0.850,38.0
2026-09-02,hospital admissions,3,2026-09-13,PL,quantile,0.900,48.0
2026-09-02,hospital admissions,3,2026-09-13,PL,quantile,0.950,66.0
2026-09-02,hospital admissions,3,2026-09-13,PL,quantile,0.975,83.0
2026-09-02,hospital admissions,3,2026-09-13,PL,quantile,0.990,103.0
2026-09-02,hospital admissions,3,2026-09-13,PL,median,,4.0
2026-09-02,hospital admissions,4,2026-09-20,PL,quantile,0.010,0.0
2026-09-02,hospital admissions,4,2026-09-20,PL,quantile,0.025,0.0
2026-09-02,hospital admissions,4,2026-09-20,PL,quantile,0.050,0.0
2026-09-02,hospital admissions,4,2026-09-20,PL,quantile,0.100,0.0
2026-09-02,hospital admissions,4,2026-09-20,PL,quantile,0.150,0.0
2026-09-02,hospital admissions,4,2026-09-20,PL,quantile,0.200,0.0
2026-09-02,hospital admissions,4,2026-09-20,PL,quantile,0.250,0.0
2026-09-02,hospital admissions,4,2026-09-20,PL,quantile,0.300,0.0
2026-09-02,hospital admissions,4,2026-09-20,PL,quantile,0.350,0.0
2026-09-02,hospital admissions,4,2026-09-20,PL,quantile,0.400,0.0
2026-09-02,hospital admissions,4,2026-09-20,PL,quantile,0.450,0.0
2026-09-02,hospital admissions,4,2026-09-20,PL,quantile,0.500,4.0
2026-09-02,hospital admissions,4,2026-09-20,PL,quantile,0.550,8.0
2026-09-02,hospital admissions,4,2026-09-20,PL,quantile,0.600,12.0
2026-09-02,hospital admissions,4,2026-09-20,PL,quantile,0.650,17.0
2026-09-02,hospital admissions,4,2026-09-20,PL,quantile,0.700,22.0
2026-09-02,hospital admissions,4,2026-09-20,PL,quantile,0.750,28.0
2026-09-02,hospital admissions,4,2026-09-20,PL,quantile,0.800,34.0
2026-09-02,hospital admissions,4,2026-09-20,PL,quantile,0.850,42.0
2026-09-02,hospital admissions,4,2026-09-20,PL,quantile,0.900,53.0
2026-09-02,hospital admissions,4,2026-09-20,PL,quantile,0.950,70.0
2026-09-02,hospital admissions,4,2026-09-20,PL,quantile,0.975,89.0
2026-09-02,hospital admissions,4,2026-09-20,PL,quantile,0.990,109.0
2026-09-02,hospital admissions,4,2026-09-20,PL,median,,4.0
