origin_date,target,target_end_date,horizon,location,output_type,output_type_id,value
2026-08-26,hospital admissions,2026-08-23,1,CZ,median,,3.32578182220459
2026-08-26,hospital admissions,2026-08-30,2,CZ,median,,4.566762924194336
2026-08-26,hospital admissions,2026-09-06,3,CZ,median,,5.651890277862549
2026-08-26,hospital admissions,2026-09-13,4,CZ,median,,6.781810760498047
2026-08-26,hospital admissions,2026-08-23,1,CZ,quantile,0.01,0.0
2026-08-26,hospital admissions,2026-08-30,2,CZ,quantile,0.01,0.0
2026-08-26,hospital admissions,2026-09-06,3,CZ,quantile,0.01,0.0
2026-08-26,hospital admissions,2026-09-13,4,CZ,quantile,0.01,0.0
2026-08-26,hospital admissions,2026-08-23,1,CZ,quantile,0.025,0.0
2026-08-26,hospital admissions,2026-08-30,2,CZ,quantile,0.025,0.0
2026-08-26,hospital admissions,2026-09-06,3,CZ,quantile,0.025,0.0
2026-08-26,hospital admissions,2026-09-13,4,CZ,quantile,0.025,0.0
2026-08-26,hospital admissions,2026-08-23,1,CZ,quantile,0.05,0.0
2026-08-26,hospital admissions,2026-08-30,2,CZ,quantile,0.05,0.0
2026-08-26,hospital admissions,2026-09-06,3,CZ,quantile,0.05,0.0
2026-08-26,hospital admissions,2026-09-13,4,CZ,quantile,0.05,0.0
2026-08-26,hospital admissions,2026-08-23,1,CZ,quantile,0.1,0.6256104111671448
2026-08-26,hospital admissions,2026-08-30,2,CZ,quantile,0.1,0.9048091173171997
2026-08-26,hospital admissions,2026-09-06,3,CZ,quantile,0.1,1.0786683559417725
2026-08-26,hospital admissions,2026-09-13,4,CZ,quantile,0.1,1.1919630765914917
2026-08-26,hospital admissions,2026-08-23,1,CZ,quantile,0.15,1.114282339811325
2026-08-26,hospital admissions,2026-08-30,2,CZ,quantile,0.15,1.4468117356300354
2026-08-26,hospital admissions,2026-09-06,3,CZ,quantile,0.15,1.7145004272460938
2026-08-26,hospital admissions,2026-09-13,4,CZ,quantile,0.15,1.9263073801994324
2026-08-26,hospital admissions,2026-08-23,1,CZ,quantile,0.2,1.6029542684555054
2026-08-26,hospital admissions,2026-08-30,2,CZ,quantile,0.2,1.988814353942871
2026-08-26,hospital admissions,2026-09-06,3,CZ,quantile,0.2,2.350332498550415
2026-08-26,hospital admissions,2026-09-13,4,CZ,quantile,0.2,2.660651683807373
2026-08-26,hospital admissions,2026-08-23,1,CZ,quantile,0.25,1.878770887851715
2026-08-26,hospital admissions,2026-08-30,2,CZ,quantile,0.25,2.395063281059265
2026-08-26,hospital admissions,2026-09-06,3,CZ,quantile,0.25,2.8651965856552124
2026-08-26,hospital admissions,2026-09-13,4,CZ,quantile,0.25,3.2899950742721558
2026-08-26,hospital admissions,2026-08-23,1,CZ,quantile,0.3,2.154587507247925
2026-08-26,hospital admissions,2026-08-30,2,CZ,quantile,0.3,2.801312208175659
2026-08-26,hospital admissions,2026-09-06,3,CZ,quantile,0.3,3.3800606727600098
2026-08-26,hospital admissions,2026-09-13,4,CZ,quantile,0.3,3.9193384647369385
2026-08-26,hospital admissions,2026-08-23,1,CZ,quantile,0.35,2.4370826482772827
2026-08-26,hospital admissions,2026-08-30,2,CZ,quantile,0.35,3.2048344612121578
2026-08-26,hospital admissions,2026-09-06,3,CZ,quantile,0.35,3.9435424804687496
2026-08-26,hospital admissions,2026-09-13,4,CZ,quantile,0.35,4.593907475471497
2026-08-26,hospital admissions,2026-08-23,1,CZ,quantile,0.4,2.7195777893066406
2026-08-26,hospital admissions,2026-08-30,2,CZ,quantile,0.4,3.6083567142486572
2026-08-26,hospital admissions,2026-09-06,3,CZ,quantile,0.4,4.50702428817749
2026-08-26,hospital admissions,2026-09-13,4,CZ,quantile,0.4,5.268476486206055
2026-08-26,hospital admissions,2026-08-23,1,CZ,quantile,0.45,3.0226798057556152
2026-08-26,hospital admissions,2026-08-30,2,CZ,quantile,0.45,4.087559819221497
2026-08-26,hospital admissions,2026-09-06,3,CZ,quantile,0.45,5.0794572830200195
2026-08-26,hospital admissions,2026-09-13,4,CZ,quantile,0.45,6.025143623352051
2026-08-26,hospital admissions,2026-08-23,1,CZ,quantile,0.5,3.32578182220459
2026-08-26,hospital admissions,2026-08-30,2,CZ,quantile,0.5,4.566762924194336
2026-08-26,hospital admissions,2026-09-06,3,CZ,quantile,0.5,5.651890277862549
2026-08-26,hospital admissions,2026-09-13,4,CZ,quantile,0.5,6.781810760498047
2026-08-26,hospital admissions,2026-08-23,1,CZ,quantile,0.55,3.6863775253295903
2026-08-26,hospital admissions,2026-08-30,2,CZ,quantile,0.55,5.093403816223145
2026-08-26,hospital admissions,2026-09-06,3,CZ,quantile,0.55,6.4144606590271005
2026-08-26,hospital admissions,2026-09-13,4,CZ,quantile,0.55,7.863369941711427
2026-08-26,hospital admissions,2026-08-23,1,CZ,quantile,0.6,4.04697322845459
2026-08-26,hospital admissions,2026-08-30,2,CZ,quantile,0.6,5.620044708251953
2026-08-26,hospital admissions,2026-09-06,3,CZ,quantile,0.6,7.17703104019165
2026-08-26,hospital admissions,2026-09-13,4,CZ,quantile,0.6,8.944929122924805
2026-08-26,hospital admissions,2026-08-23,1,CZ,quantile,0.65,4.499492168426515
2026-08-26,hospital admissions,2026-08-30,2,CZ,quantile,0.65,6.259228467941285
2026-08-26,hospital admissions,2026-09-06,3,CZ,quantile,0.65,8.117910146713259
2026-08-26,hospital admissions,2026-09-13,4,CZ,quantile,0.65,10.661501884460451
2026-08-26,hospital admissions,2026-08-23,1,CZ,quantile,0.7,4.9520111083984375
2026-08-26,hospital admissions,2026-08-30,2,CZ,quantile,0.7,6.898412227630615
2026-08-26,hospital admissions,2026-09-06,3,CZ,quantile,0.7,9.058789253234863
2026-08-26,hospital admissions,2026-09-13,4,CZ,quantile,0.7,12.378074645996094
2026-08-26,hospital admissions,2026-08-23,1,CZ,quantile,0.75,5.518822908401489
2026-08-26,hospital admissions,2026-08-30,2,CZ,quantile,0.75,7.8563392162323
2026-08-26,hospital admissions,2026-09-06,3,CZ,quantile,0.75,10.730860233306885
2026-08-26,hospital admissions,2026-09-13,4,CZ,quantile,0.75,14.173649311065674
2026-08-26,hospital admissions,2026-08-23,1,CZ,quantile,0.8,6.085634708404541
2026-08-26,hospital admissions,2026-08-30,2,CZ,quantile,0.8,8.814266204833984
2026-08-26,hospital admissions,2026-09-06,3,CZ,quantile,0.8,12.402931213378906
2026-08-26,hospital admissions,2026-09-13,4,CZ,quantile,0.8,15.969223976135254
2026-08-26,hospital admissions,2026-08-23,1,CZ,quantile,0.85,7.064425230026244
2026-08-26,hospital admissions,2026-08-30,2,CZ,quantile,0.85,10.62797164916992
2026-08-26,hospital admissions,2026-09-06,3,CZ,quantile,0.85,14.433069229125975
2026-08-26,hospital admissions,2026-09-13,4,CZ,quantile,0.85,19.585918903350827
2026-08-26,hospital admissions,2026-08-23,1,CZ,quantile,0.9,8.04321575164795
2026-08-26,hospital admissions,2026-08-30,2,CZ,quantile,0.9,12.38343361685353
2026-08-26,hospital admissions,2026-09-06,3,CZ,quantile,0.9,16.463207244873047
2026-08-26,hospital admissions,2026-09-13,4,CZ,quantile,0.9,22.614230825285166
2026-08-26,hospital admissions,2026-08-23,1,CZ,quantile,0.95,8.33978732579245
2026-08-26,hospital admissions,2026-08-30,2,CZ,quantile,0.95,12.44167709350586
2026-08-26,hospital admissions,2026-09-06,3,CZ,quantile,0.95,16.628913139241753
2026-08-26,hospital admissions,2026-09-13,4,CZ,quantile,0.95,23.202613830566406
2026-08-26,hospital admissions,2026-08-23,1,CZ,quantile,0.975,9.22319101923429
2026-08-26,hospital admissions,2026-08-30,2,CZ,quantile,0.975,13.74161406532425
2026-08-26,hospital admissions,2026-09-06,3,CZ,quantile,0.975,18.493354994181825
2026-08-26,hospital admissions,2026-09-13,4,CZ,quantile,0.975,25.23689315536246
2026-08-26,hospital admissions,2026-08-23,1,CZ,quantile,0.99,10.250338726086788
2026-08-26,hospital admissions,2026-08-30,2,CZ,quantile,0.99,15.320792354361409
2026-08-26,hospital admissions,2026-09-06,3,CZ,quantile,0.99,20.661171576881664
2026-08-26,hospital admissions,2026-09-13,4,CZ,quantile,0.99,28.286304900169327
2026-08-26,hospital admissions,2026-08-23,1,GR,median,,17.9182186126709
2026-08-26,hospital admissions,2026-08-30,2,GR,median,,19.487634658813477
2026-08-26,hospital admissions,2026-09-06,3,GR,median,,20.644033432006836
2026-08-26,hospital admissions,2026-09-13,4,GR,median,,20.94585418701172
2026-08-26,hospital admissions,2026-08-23,1,GR,quantile,0.01,6.452965260860598
2026-08-26,hospital admissions,2026-08-30,2,GR,quantile,0.01,3.5562764454221547
2026-08-26,hospital admissions,2026-09-06,3,GR,quantile,0.01,0.0
2026-08-26,hospital admissions,2026-09-13,4,GR,quantile,0.01,0.0
2026-08-26,hospital admissions,2026-08-23,1,GR,quantile,0.025,8.28339655148696
2026-08-26,hospital admissions,2026-08-30,2,GR,quantile,0.025,6.067984689821113
2026-08-26,hospital admissions,2026-09-06,3,GR,quantile,0.025,3.069954194774347
2026-08-26,hospital admissions,2026-09-13,4,GR,quantile,0.025,0.0
2026-08-26,hospital admissions,2026-08-23,1,GR,quantile,0.05,9.857668442416719
2026-08-26,hospital admissions,2026-08-30,2,GR,quantile,0.05,8.228192345592083
2026-08-26,hospital admissions,2026-09-06,3,GR,quantile,0.05,5.91019317941409
2026-08-26,hospital admissions,2026-09-13,4,GR,quantile,0.05,2.8100280061427974
2026-08-26,hospital admissions,2026-08-23,1,GR,quantile,0.1,11.736775398254395
2026-08-26,hospital admissions,2026-08-30,2,GR,quantile,0.1,11.028934478759766
2026-08-26,hospital admissions,2026-09-06,3,GR,quantile,0.1,9.971173286437988
2026-08-26,hospital admissions,2026-09-13,4,GR,quantile,0.1,7.67364501953125
2026-08-26,hospital admissions,2026-08-23,1,GR,quantile,0.15,12.808430671691895
2026-08-26,hospital admissions,2026-08-30,2,GR,quantile,0.15,12.36253309249878
2026-08-26,hospital admissions,2026-09-06,3,GR,quantile,0.15,11.632543563842773
2026-08-26,hospital admissions,2026-09-13,4,GR,quantile,0.15,10.006296634674072
2026-08-26,hospital admissions,2026-08-23,1,GR,quantile,0.2,13.880085945129395
2026-08-26,hospital admissions,2026-08-30,2,GR,quantile,0.2,13.696131706237793
2026-08-26,hospital admissions,2026-09-06,3,GR,quantile,0.2,13.293913841247559
2026-08-26,hospital admissions,2026-09-13,4,GR,quantile,0.2,12.338948249816895
2026-08-26,hospital admissions,2026-08-23,1,GR,quantile,0.25,14.720662117004395
2026-08-26,hospital admissions,2026-08-30,2,GR,quantile,0.25,14.715539932250977
2026-08-26,hospital admissions,2026-09-06,3,GR,quantile,0.25,14.458826541900635
2026-08-26,hospital admissions,2026-09-13,4,GR,quantile,0.25,13.725870132446289
2026-08-26,hospital admissions,2026-08-23,1,GR,quantile,0.3,15.561238288879395
2026-08-26,hospital admissions,2026-08-30,2,GR,quantile,0.3,15.73494815826416
2026-08-26,hospital admissions,2026-09-06,3,GR,quantile,0.3,15.623739242553711
2026-08-26,hospital admissions,2026-09-13,4,GR,quantile,0.3,15.112792015075684
2026-08-26,hospital admissions,2026-08-23,1,GR,quantile,0.35,16.112464427947998
2026-08-26,hospital admissions,2026-08-30,2,GR,quantile,0.35,16.601707935333252
2026-08-26,hospital admissions,2026-09-06,3,GR,quantile,0.35,16.813047409057617
2026-08-26,hospital admissions,2026-09-13,4,GR,quantile,0.35,16.52809762954712
2026-08-26,hospital admissions,2026-08-23,1,GR,quantile,0.4,16.6636905670166
2026-08-26,hospital admissions,2026-08-30,2,GR,quantile,0.4,17.468467712402344
2026-08-26,hospital admissions,2026-09-06,3,GR,quantile,0.4,18.002355575561523
2026-08-26,hospital admissions,2026-09-13,4,GR,quantile,0.4,17.943403244018555
2026-08-26,hospital admissions,2026-08-23,1,GR,quantile,0.45,17.29095458984375
2026-08-26,hospital admissions,2026-08-30,2,GR,quantile,0.45,18.47805118560791
2026-08-26,hospital admissions,2026-09-06,3,GR,quantile,0.45,19.32319450378418
2026-08-26,hospital admissions,2026-09-13,4,GR,quantile,0.45,19.444628715515137
2026-08-26,hospital admissions,2026-08-23,1,GR,quantile,0.5,17.9182186126709
2026-08-26,hospital admissions,2026-08-30,2,GR,quantile,0.5,19.487634658813477
2026-08-26,hospital admissions,2026-09-06,3,GR,quantile,0.5,20.644033432006836
2026-08-26,hospital admissions,2026-09-13,4,GR,quantile,0.5,20.94585418701172
2026-08-26,hospital admissions,2026-08-23,1,GR,quantile,0.55,18.61656093597412
2026-08-26,hospital admissions,2026-08-30,2,GR,quantile,0.55,20.386033058166504
2026-08-26,hospital admissions,2026-09-06,3,GR,quantile,0.55,21.658245086669922
2026-08-26,hospital admissions,2026-09-13,4,GR,quantile,0.55,22.29405689239502
2026-08-26,hospital admissions,2026-08-23,1,GR,quantile,0.6,19.314903259277344
2026-08-26,hospital admissions,2026-08-30,2,GR,quantile,0.6,21.28443145751953
2026-08-26,hospital admissions,2026-09-06,3,GR,quantile,0.6,22.672456741333008
2026-08-26,hospital admissions,2026-09-13,4,GR,quantile,0.6,23.64225959777832
2026-08-26,hospital admissions,2026-08-23,1,GR,quantile,0.65,20.052788734436035
2026-08-26,hospital admissions,2026-08-30,2,GR,quantile,0.65,22.19633674621582
2026-08-26,hospital admissions,2026-09-06,3,GR,quantile,0.65,23.853057861328125
2026-08-26,hospital admissions,2026-09-13,4,GR,quantile,0.65,25.11134433746338
2026-08-26,hospital admissions,2026-08-23,1,GR,quantile,0.7,20.790674209594727
2026-08-26,hospital admissions,2026-08-30,2,GR,quantile,0.7,23.10824203491211
2026-08-26,hospital admissions,2026-09-06,3,GR,quantile,0.7,25.033658981323242
2026-08-26,hospital admissions,2026-09-13,4,GR,quantile,0.7,26.580429077148438
2026-08-26,hospital admissions,2026-08-23,1,GR,quantile,0.75,21.539830207824707
2026-08-26,hospital admissions,2026-08-30,2,GR,quantile,0.75,24.226242065429688
2026-08-26,hospital admissions,2026-09-06,3,GR,quantile,0.75,26.525704383850098
2026-08-26,hospital admissions,2026-09-13,4,GR,quantile,0.75,28.84117603302002
2026-08-26,hospital admissions,2026-08-23,1,GR,quantile,0.8,22.288986206054688
2026-08-26,hospital admissions,2026-08-30,2,GR,quantile,0.8,25.344242095947266
2026-08-26,hospital admissions,2026-09-06,3,GR,quantile,0.8,28.017749786376953
2026-08-26,hospital admissions,2026-09-13,4,GR,quantile,0.8,31.1019229888916
2026-08-26,hospital admissions,2026-08-23,1,GR,quantile,0.85,23.40585708618164
2026-08-26,hospital admissions,2026-08-30,2,GR,quantile,0.85,26.865056037902832
2026-08-26,hospital admissions,2026-09-06,3,GR,quantile,0.85,30.691507339477536
2026-08-26,hospital admissions,2026-09-13,4,GR,quantile,0.85,33.98278522491455
2026-08-26,hospital admissions,2026-08-23,1,GR,quantile,0.9,24.522727966308594
2026-08-26,hospital admissions,2026-08-30,2,GR,quantile,0.9,28.3858699798584
2026-08-26,hospital admissions,2026-09-06,3,GR,quantile,0.9,33.365264892578125
2026-08-26,hospital admissions,2026-09-13,4,GR,quantile,0.9,36.8636474609375
2026-08-26,hospital admissions,2026-08-23,1,GR,quantile,0.95,26.292842769402384
2026-08-26,hospital admissions,2026-08-30,2,GR,quantile,0.95,30.780452606122314
2026-08-26,hospital admissions,2026-09-06,3,GR,quantile,0.95,35.56188366045677
2026-08-26,hospital admissions,2026-09-13,4,GR,quantile,0.95,39.90172795834829
2026-08-26,hospital admissions,2026-08-23,1,GR,quantile,0.975,27.867114660332142
2026-08-26,hospital admissions,2026-08-30,2,GR,quantile,0.975,32.940660261893285
2026-08-26,hospital admissions,2026-09-06,3,GR,quantile,0.975,38.40212264509651
2026-08-26,hospital admissions,2026-09-13,4,GR,quantile,0.975,43.454621250491876
2026-08-26,hospital admissions,2026-08-23,1,GR,quantile,0.99,29.69754595095851
2026-08-26,hospital admissions,2026-08-30,2,GR,quantile,0.99,35.452368506292245
2026-08-26,hospital admissions,2026-09-06,3,GR,quantile,0.99,41.70451427153343
2026-08-26,hospital admissions,2026-09-13,4,GR,quantile,0.99,47.585627521813464
2026-08-26,hospital admissions,2026-08-23,1,IE,median,,49.5959587097168
2026-08-26,hospital admissions,2026-08-30,2,IE,median,,53.14686965942383
2026-08-26,hospital admissions,2026-09-06,3,IE,median,,56.82041931152344
2026-08-26,hospital admissions,2026-09-13,4,IE,median,,57.014076232910156
2026-08-26,hospital admissions,2026-08-23,1,IE,quantile,0.01,0.0
2026-08-26,hospital admissions,2026-08-30,2,IE,quantile,0.01,0.0
2026-08-26,hospital admissions,2026-09-06,3,IE,quantile,0.01,0.0
2026-08-26,hospital admissions,2026-09-13,4,IE,quantile,0.01,0.0
2026-08-26,hospital admissions,2026-08-23,1,IE,quantile,0.025,5.523127269358284
2026-08-26,hospital admissions,2026-08-30,2,IE,quantile,0.025,0.0
2026-08-26,hospital admissions,2026-09-06,3,IE,quantile,0.025,0.0
2026-08-26,hospital admissions,2026-09-13,4,IE,quantile,0.025,0.0
2026-08-26,hospital admissions,2026-08-23,1,IE,quantile,0.05,12.93257525518014
2026-08-26,hospital admissions,2026-08-30,2,IE,quantile,0.05,2.108840808339025
2026-08-26,hospital admissions,2026-09-06,3,IE,quantile,0.05,0.0
2026-08-26,hospital admissions,2026-09-13,4,IE,quantile,0.05,0.0
2026-08-26,hospital admissions,2026-08-23,1,IE,quantile,0.1,24.138256072998047
2026-08-26,hospital admissions,2026-08-30,2,IE,quantile,0.1,20.421375274658203
2026-08-26,hospital admissions,2026-09-06,3,IE,quantile,0.1,17.66254234313965
2026-08-26,hospital admissions,2026-09-13,4,IE,quantile,0.1,14.997719764709473
2026-08-26,hospital admissions,2026-08-23,1,IE,quantile,0.15,28.58610725402832
2026-08-26,hospital admissions,2026-08-30,2,IE,quantile,0.15,25.953740119934082
2026-08-26,hospital admissions,2026-09-06,3,IE,quantile,0.15,24.0092716217041
2026-08-26,hospital admissions,2026-09-13,4,IE,quantile,0.15,21.58634042739868
2026-08-26,hospital admissions,2026-08-23,1,IE,quantile,0.2,33.033958435058594
2026-08-26,hospital admissions,2026-08-30,2,IE,quantile,0.2,31.48610496520996
2026-08-26,hospital admissions,2026-09-06,3,IE,quantile,0.2,30.356000900268555
2026-08-26,hospital admissions,2026-09-13,4,IE,quantile,0.2,28.17496109008789
2026-08-26,hospital admissions,2026-08-23,1,IE,quantile,0.25,36.180776596069336
2026-08-26,hospital admissions,2026-08-30,2,IE,quantile,0.25,35.47008037567139
2026-08-26,hospital admissions,2026-09-06,3,IE,quantile,0.25,35.019673347473145
2026-08-26,hospital admissions,2026-09-13,4,IE,quantile,0.25,33.23855018615723
2026-08-26,hospital admissions,2026-08-23,1,IE,quantile,0.3,39.32759475708008
2026-08-26,hospital admissions,2026-08-30,2,IE,quantile,0.3,39.45405578613281
2026-08-26,hospital admissions,2026-09-06,3,IE,quantile,0.3,39.683345794677734
2026-08-26,hospital admissions,2026-09-13,4,IE,quantile,0.3,38.30213928222656
2026-08-26,hospital admissions,2026-08-23,1,IE,quantile,0.35,41.86471748352051
2026-08-26,hospital admissions,2026-08-30,2,IE,quantile,0.35,42.76064872741699
2026-08-26,hospital admissions,2026-09-06,3,IE,quantile,0.35,43.794748306274414
2026-08-26,hospital admissions,2026-09-13,4,IE,quantile,0.35,42.778324127197266
2026-08-26,hospital admissions,2026-08-23,1,IE,quantile,0.4,44.40184020996094
2026-08-26,hospital admissions,2026-08-30,2,IE,quantile,0.4,46.06724166870117
2026-08-26,hospital admissions,2026-09-06,3,IE,quantile,0.4,47.906150817871094
2026-08-26,hospital admissions,2026-09-13,4,IE,quantile,0.4,47.25450897216797
2026-08-26,hospital admissions,2026-08-23,1,IE,quantile,0.45,46.99889945983887
2026-08-26,hospital admissions,2026-08-30,2,IE,quantile,0.45,49.6070556640625
2026-08-26,hospital admissions,2026-09-06,3,IE,quantile,0.45,52.363285064697266
2026-08-26,hospital admissions,2026-09-13,4,IE,quantile,0.45,52.13429260253906
2026-08-26,hospital admissions,2026-08-23,1,IE,quantile,0.5,49.5959587097168
2026-08-26,hospital admissions,2026-08-30,2,IE,quantile,0.5,53.14686965942383
2026-08-26,hospital admissions,2026-09-06,3,IE,quantile,0.5,56.82041931152344
2026-08-26,hospital admissions,2026-09-13,4,IE,quantile,0.5,57.014076232910156
2026-08-26,hospital admissions,2026-08-23,1,IE,quantile,0.55,52.349111557006836
2026-08-26,hospital admissions,2026-08-30,2,IE,quantile,0.55,56.92423248291016
2026-08-26,hospital admissions,2026-09-06,3,IE,quantile,0.55,61.65288162231446
2026-08-26,hospital admissions,2026-09-13,4,IE,quantile,0.55,62.505599975585945
2026-08-26,hospital admissions,2026-08-23,1,IE,quantile,0.6,55.102264404296875
2026-08-26,hospital admissions,2026-08-30,2,IE,quantile,0.6,60.701595306396484
2026-08-26,hospital admissions,2026-09-06,3,IE,quantile,0.6,66.48534393310547
2026-08-26,hospital admissions,2026-09-13,4,IE,quantile,0.6,67.99712371826172
2026-08-26,hospital admissions,2026-08-23,1,IE,quantile,0.65,58.264705657958984
2026-08-26,hospital admissions,2026-08-30,2,IE,quantile,0.65,65.46826362609863
2026-08-26,hospital admissions,2026-09-06,3,IE,quantile,0.65,73.12020111083984
2026-08-26,hospital admissions,2026-09-13,4,IE,quantile,0.65,75.31360244750978
2026-08-26,hospital admissions,2026-08-23,1,IE,quantile,0.7,61.427146911621094
2026-08-26,hospital admissions,2026-08-30,2,IE,quantile,0.7,70.23493194580078
2026-08-26,hospital admissions,2026-09-06,3,IE,quantile,0.7,79.75505828857422
2026-08-26,hospital admissions,2026-09-13,4,IE,quantile,0.7,82.63008117675781
2026-08-26,hospital admissions,2026-08-23,1,IE,quantile,0.75,65.78081512451172
2026-08-26,hospital admissions,2026-08-30,2,IE,quantile,0.75,77.14395523071289
2026-08-26,hospital admissions,2026-09-06,3,IE,quantile,0.75,89.49897003173828
2026-08-26,hospital admissions,2026-09-13,4,IE,quantile,0.75,94.0872802734375
2026-08-26,hospital admissions,2026-08-23,1,IE,quantile,0.8,70.13448333740234
2026-08-26,hospital admissions,2026-08-30,2,IE,quantile,0.8,84.052978515625
2026-08-26,hospital admissions,2026-09-06,3,IE,quantile,0.8,99.24288177490234
2026-08-26,hospital admissions,2026-09-13,4,IE,quantile,0.8,105.54447937011719
2026-08-26,hospital admissions,2026-08-23,1,IE,quantile,0.85,78.72863769531249
2026-08-26,hospital admissions,2026-08-30,2,IE,quantile,0.85,97.88289260864256
2026-08-26,hospital admissions,2026-09-06,3,IE,quantile,0.85,118.9286308288574
2026-08-26,hospital admissions,2026-09-13,4,IE,quantile,0.85,129.58785247802732
2026-08-26,hospital admissions,2026-08-23,1,IE,quantile,0.9,87.32279205322266
2026-08-26,hospital admissions,2026-08-30,2,IE,quantile,0.9,111.71280670166016
2026-08-26,hospital admissions,2026-09-06,3,IE,quantile,0.9,137.04159717250295
2026-08-26,hospital admissions,2026-09-13,4,IE,quantile,0.9,149.11598967227798
2026-08-26,hospital admissions,2026-08-23,1,IE,quantile,0.95,90.28615694289927
2026-08-26,hospital admissions,2026-08-30,2,IE,quantile,0.95,112.84181693024057
2026-08-26,hospital admissions,2026-09-06,3,IE,quantile,0.95,138.6143798828125
2026-08-26,hospital admissions,2026-09-13,4,IE,quantile,0.95,153.6312255859375
2026-08-26,hospital admissions,2026-08-23,1,IE,quantile,0.975,97.69560492872114
2026-08-26,hospital admissions,2026-08-30,2,IE,quantile,0.975,123.44856853746116
2026-08-26,hospital admissions,2026-09-06,3,IE,quantile,0.975,151.02323217582818
2026-08-26,hospital admissions,2026-09-13,4,IE,quantile,0.975,165.00589550103786
2026-08-26,hospital admissions,2026-08-23,1,IE,quantile,0.99,106.3106894752075
2026-08-26,hospital admissions,2026-08-30,2,IE,quantile,0.99,135.78120951620065
2026-08-26,hospital admissions,2026-09-06,3,IE,quantile,0.99,167.27990445185327
2026-08-26,hospital admissions,2026-09-13,4,IE,quantile,0.99,183.4813450098839
2026-08-26,hospital admissions,2026-08-23,1,LV,median,,0.23836331069469452
2026-08-26,hospital admissions,2026-08-30,2,LV,median,,0.30175527930259705
2026-08-26,hospital admissions,2026-09-06,3,LV,median,,0.49054309725761414
2026-08-26,hospital admissions,2026-09-13,4,LV,median,,0.5175642371177673
2026-08-26,hospital admissions,2026-08-23,1,LV,quantile,0.01,0.0
2026-08-26,hospital admissions,2026-08-30,2,LV,quantile,0.01,0.0
2026-08-26,hospital admissions,2026-09-06,3,LV,quantile,0.01,0.0
2026-08-26,hospital admissions,2026-09-13,4,LV,quantile,0.01,0.0
2026-08-26,hospital admissions,2026-08-23,1,LV,quantile,0.025,0.0
2026-08-26,hospital admissions,2026-08-30,2,LV,quantile,0.025,0.0
2026-08-26,hospital admissions,2026-09-06,3,LV,quantile,0.025,0.0
2026-08-26,hospital admissions,2026-09-13,4,LV,quantile,0.025,0.0
2026-08-26,hospital admissions,2026-08-23,1,LV,quantile,0.05,0.0
2026-08-26,hospital admissions,2026-08-30,2,LV,quantile,0.05,0.0
2026-08-26,hospital admissions,2026-09-06,3,LV,quantile,0.05,0.0
2026-08-26,hospital admissions,2026-09-13,4,LV,quantile,0.05,0.0
2026-08-26,hospital admissions,2026-08-23,1,LV,quantile,0.1,0.0
2026-08-26,hospital admissions,2026-08-30,2,LV,quantile,0.1,0.0
2026-08-26,hospital admissions,2026-09-06,3,LV,quantile,0.1,0.0
2026-08-26,hospital admissions,2026-09-13,4,LV,quantile,0.1,0.0
2026-08-26,hospital admissions,2026-08-23,1,LV,quantile,0.15,0.0
2026-08-26,hospital admissions,2026-08-30,2,LV,quantile,0.15,0.0
2026-08-26,hospital admissions,2026-09-06,3,LV,quantile,0.15,0.0
2026-08-26,hospital admissions,2026-09-13,4,LV,quantile,0.15,0.0
2026-08-26,hospital admissions,2026-08-23,1,LV,quantile,0.2,0.0
2026-08-26,hospital admissions,2026-08-30,2,LV,quantile,0.2,0.0
2026-08-26,hospital admissions,2026-09-06,3,LV,quantile,0.2,0.0
2026-08-26,hospital admissions,2026-09-13,4,LV,quantile,0.2,0.0
2026-08-26,hospital admissions,2026-08-23,1,LV,quantile,0.25,0.0
2026-08-26,hospital admissions,2026-08-30,2,LV,quantile,0.25,0.0
2026-08-26,hospital admissions,2026-09-06,3,LV,quantile,0.25,0.0
2026-08-26,hospital admissions,2026-09-13,4,LV,quantile,0.25,0.0
2026-08-26,hospital admissions,2026-08-23,1,LV,quantile,0.3,0.0
2026-08-26,hospital admissions,2026-08-30,2,LV,quantile,0.3,0.0
2026-08-26,hospital admissions,2026-09-06,3,LV,quantile,0.3,0.0
2026-08-26,hospital admissions,2026-09-13,4,LV,quantile,0.3,0.0
2026-08-26,hospital admissions,2026-08-23,1,LV,quantile,0.35,0.05463229119777675
2026-08-26,hospital admissions,2026-08-30,2,LV,quantile,0.35,0.05426048487424845
2026-08-26,hospital admissions,2026-09-06,3,LV,quantile,0.35,0.09117235988378518
2026-08-26,hospital admissions,2026-09-13,4,LV,quantile,0.35,0.06005751341581336
2026-08-26,hospital admissions,2026-08-23,1,LV,quantile,0.4,0.12646368145942688
2026-08-26,hospital admissions,2026-08-30,2,LV,quantile,0.4,0.14935088157653809
2026-08-26,hospital admissions,2026-09-06,3,LV,quantile,0.4,0.20925401151180267
2026-08-26,hospital admissions,2026-09-13,4,LV,quantile,0.4,0.1985929012298584
2026-08-26,hospital admissions,2026-08-23,1,LV,quantile,0.45,0.1824134960770607
2026-08-26,hospital admissions,2026-08-30,2,LV,quantile,0.45,0.22555308043956757
2026-08-26,hospital admissions,2026-09-06,3,LV,quantile,0.45,0.3498985543847084
2026-08-26,hospital admissions,2026-09-13,4,LV,quantile,0.45,0.35807856917381287
2026-08-26,hospital admissions,2026-08-23,1,LV,quantile,0.5,0.23836331069469452
2026-08-26,hospital admissions,2026-08-30,2,LV,quantile,0.5,0.30175527930259705
2026-08-26,hospital admissions,2026-09-06,3,LV,quantile,0.5,0.49054309725761414
2026-08-26,hospital admissions,2026-09-13,4,LV,quantile,0.5,0.5175642371177673
2026-08-26,hospital admissions,2026-08-23,1,LV,quantile,0.55,0.31696780771017086
2026-08-26,hospital admissions,2026-08-30,2,LV,quantile,0.55,0.44545342028141033
2026-08-26,hospital admissions,2026-09-06,3,LV,quantile,0.55,0.6207018643617631
2026-08-26,hospital admissions,2026-09-13,4,LV,quantile,0.55,0.6551877558231355
2026-08-26,hospital admissions,2026-08-23,1,LV,quantile,0.6,0.395572304725647
2026-08-26,hospital admissions,2026-08-30,2,LV,quantile,0.6,0.5891515612602234
2026-08-26,hospital admissions,2026-09-06,3,LV,quantile,0.6,0.7508606314659119
2026-08-26,hospital admissions,2026-09-13,4,LV,quantile,0.6,0.7928112745285034
2026-08-26,hospital admissions,2026-08-23,1,LV,quantile,0.65,0.517846167087555
2026-08-26,hospital admissions,2026-08-30,2,LV,quantile,0.65,0.6862596571445466
2026-08-26,hospital admissions,2026-09-06,3,LV,quantile,0.65,0.9120829999446871
2026-08-26,hospital admissions,2026-09-13,4,LV,quantile,0.65,1.0178840160369875
2026-08-26,hospital admissions,2026-08-23,1,LV,quantile,0.7,0.6401200294494629
2026-08-26,hospital admissions,2026-08-30,2,LV,quantile,0.7,0.7833677530288696
2026-08-26,hospital admissions,2026-09-06,3,LV,quantile,0.7,1.073305368423462
2026-08-26,hospital admissions,2026-09-13,4,LV,quantile,0.7,1.2429567575454712
2026-08-26,hospital admissions,2026-08-23,1,LV,quantile,0.75,0.7319262623786926
2026-08-26,hospital admissions,2026-08-30,2,LV,quantile,0.75,0.9351663589477539
2026-08-26,hospital admissions,2026-09-06,3,LV,quantile,0.75,1.3177146315574646
2026-08-26,hospital admissions,2026-09-13,4,LV,quantile,0.75,1.5246880650520325
2026-08-26,hospital admissions,2026-08-23,1,LV,quantile,0.8,0.8237324953079224
2026-08-26,hospital admissions,2026-08-30,2,LV,quantile,0.8,1.0869649648666382
2026-08-26,hospital admissions,2026-09-06,3,LV,quantile,0.8,1.5621238946914673
2026-08-26,hospital admissions,2026-09-13,4,LV,quantile,0.8,1.8064193725585938
2026-08-26,hospital admissions,2026-08-23,1,LV,quantile,0.85,1.048521041870117
2026-08-26,hospital admissions,2026-08-30,2,LV,quantile,0.85,1.3467240929603574
2026-08-26,hospital admissions,2026-09-06,3,LV,quantile,0.85,1.9884864687919612
2026-08-26,hospital admissions,2026-09-13,4,LV,quantile,0.85,2.540645718574523
2026-08-26,hospital admissions,2026-08-23,1,LV,quantile,0.9,1.273309588432312
2026-08-26,hospital admissions,2026-08-30,2,LV,quantile,0.9,1.6064832210540771
2026-08-26,hospital admissions,2026-09-06,3,LV,quantile,0.9,2.414849042892456
2026-08-26,hospital admissions,2026-09-13,4,LV,quantile,0.9,3.144086852406225
2026-08-26,hospital admissions,2026-08-23,1,LV,quantile,0.95,1.3892879539633007
2026-08-26,hospital admissions,2026-08-30,2,LV,quantile,0.95,1.786047139054807
2026-08-26,hospital admissions,2026-09-06,3,LV,quantile,0.95,2.5262359755414474
2026-08-26,hospital admissions,2026-09-13,4,LV,quantile,0.95,3.274872064590454
2026-08-26,hospital admissions,2026-08-23,1,LV,quantile,0.975,1.5962145066284876
2026-08-26,hospital admissions,2026-08-30,2,LV,quantile,0.975,2.0520951134024616
2026-08-26,hospital admissions,2026-09-06,3,LV,quantile,0.975,2.893860521753196
2026-08-26,hospital admissions,2026-09-13,4,LV,quantile,0.975,3.6061083175295146
2026-08-26,hospital admissions,2026-08-23,1,LV,quantile,0.99,1.836811343199142
2026-08-26,hospital admissions,2026-08-30,2,LV,quantile,0.99,2.3614333794665896
2026-08-26,hospital admissions,2026-09-06,3,LV,quantile,0.99,3.3213035044204933
2026-08-26,hospital admissions,2026-09-13,4,LV,quantile,0.99,4.143308118640897
2026-08-26,hospital admissions,2026-08-23,1,MT,median,,15.995561599731445
2026-08-26,hospital admissions,2026-08-30,2,MT,median,,15.475578308105469
2026-08-26,hospital admissions,2026-09-06,3,MT,median,,14.529751777648926
2026-08-26,hospital admissions,2026-09-13,4,MT,median,,13.703136444091797
2026-08-26,hospital admissions,2026-08-23,1,MT,quantile,0.01,3.7792562248687815
2026-08-26,hospital admissions,2026-08-30,2,MT,quantile,0.01,0.07703335600398376
2026-08-26,hospital admissions,2026-09-06,3,MT,quantile,0.01,0.0
2026-08-26,hospital admissions,2026-09-13,4,MT,quantile,0.01,0.0
2026-08-26,hospital admissions,2026-08-23,1,MT,quantile,0.025,5.767042517995764
2026-08-26,hospital admissions,2026-08-30,2,MT,quantile,0.025,2.5783858667998025
2026-08-26,hospital admissions,2026-09-06,3,MT,quantile,0.025,0.10902496138411877
2026-08-26,hospital admissions,2026-09-13,4,MT,quantile,0.025,0.0
2026-08-26,hospital admissions,2026-08-23,1,MT,quantile,0.05,7.476648392015999
2026-08-26,hospital admissions,2026-08-30,2,MT,quantile,0.05,4.729687020368335
2026-08-26,hospital admissions,2026-09-06,3,MT,quantile,0.05,2.4983839692406633
2026-08-26,hospital admissions,2026-09-13,4,MT,quantile,0.05,0.7320703055474365
2026-08-26,hospital admissions,2026-08-23,1,MT,quantile,0.1,9.852660179138184
2026-08-26,hospital admissions,2026-08-30,2,MT,quantile,0.1,7.807422161102295
2026-08-26,hospital admissions,2026-09-06,3,MT,quantile,0.1,5.848374366760254
2026-08-26,hospital admissions,2026-09-13,4,MT,quantile,0.1,4.464768409729004
2026-08-26,hospital admissions,2026-08-23,1,MT,quantile,0.15,10.997475147247314
2026-08-26,hospital admissions,2026-08-30,2,MT,quantile,0.15,9.191200017929077
2026-08-26,hospital admissions,2026-09-06,3,MT,quantile,0.15,7.4025139808654785
2026-08-26,hospital admissions,2026-09-13,4,MT,quantile,0.15,6.065338611602783
2026-08-26,hospital admissions,2026-08-23,1,MT,quantile,0.2,12.142290115356445
2026-08-26,hospital admissions,2026-08-30,2,MT,quantile,0.2,10.57497787475586
2026-08-26,hospital admissions,2026-09-06,3,MT,quantile,0.2,8.956653594970703
2026-08-26,hospital admissions,2026-09-13,4,MT,quantile,0.2,7.6659088134765625
2026-08-26,hospital admissions,2026-08-23,1,MT,quantile,0.25,12.934919357299805
2026-08-26,hospital admissions,2026-08-30,2,MT,quantile,0.25,11.525201797485352
2026-08-26,hospital admissions,2026-09-06,3,MT,quantile,0.25,10.018214702606201
2026-08-26,hospital admissions,2026-09-13,4,MT,quantile,0.25,8.797973155975342
2026-08-26,hospital admissions,2026-08-23,1,MT,quantile,0.3,13.727548599243164
2026-08-26,hospital admissions,2026-08-30,2,MT,quantile,0.3,12.475425720214844
2026-08-26,hospital admissions,2026-09-06,3,MT,quantile,0.3,11.0797758102417
2026-08-26,hospital admissions,2026-09-13,4,MT,quantile,0.3,9.930037498474121
2026-08-26,hospital admissions,2026-08-23,1,MT,quantile,0.35,14.323269367218018
2026-08-26,hospital admissions,2026-08-30,2,MT,quantile,0.35,13.277916431427002
2026-08-26,hospital admissions,2026-09-06,3,MT,quantile,0.35,11.969944477081299
2026-08-26,hospital admissions,2026-09-13,4,MT,quantile,0.35,10.901761531829834
2026-08-26,hospital admissions,2026-08-23,1,MT,quantile,0.4,14.918990135192871
2026-08-26,hospital admissions,2026-08-30,2,MT,quantile,0.4,14.08040714263916
2026-08-26,hospital admissions,2026-09-06,3,MT,quantile,0.4,12.860113143920898
2026-08-26,hospital admissions,2026-09-13,4,MT,quantile,0.4,11.873485565185547
2026-08-26,hospital admissions,2026-08-23,1,MT,quantile,0.45,15.457275867462158
2026-08-26,hospital admissions,2026-08-30,2,MT,quantile,0.45,14.777992725372314
2026-08-26,hospital admissions,2026-09-06,3,MT,quantile,0.45,13.694932460784912
2026-08-26,hospital admissions,2026-09-13,4,MT,quantile,0.45,12.788311004638672
2026-08-26,hospital admissions,2026-08-23,1,MT,quantile,0.5,15.995561599731445
2026-08-26,hospital admissions,2026-08-30,2,MT,quantile,0.5,15.475578308105469
2026-08-26,hospital admissions,2026-09-06,3,MT,quantile,0.5,14.529751777648926
2026-08-26,hospital admissions,2026-09-13,4,MT,quantile,0.5,13.703136444091797
2026-08-26,hospital admissions,2026-08-23,1,MT,quantile,0.55,16.567334175109863
2026-08-26,hospital admissions,2026-08-30,2,MT,quantile,0.55,16.18962001800537
2026-08-26,hospital admissions,2026-09-06,3,MT,quantile,0.55,15.333666324615479
2026-08-26,hospital admissions,2026-09-13,4,MT,quantile,0.55,14.619030475616457
2026-08-26,hospital admissions,2026-08-23,1,MT,quantile,0.6,17.13910675048828
2026-08-26,hospital admissions,2026-08-30,2,MT,quantile,0.6,16.903661727905273
2026-08-26,hospital admissions,2026-09-06,3,MT,quantile,0.6,16.13758087158203
2026-08-26,hospital admissions,2026-09-13,4,MT,quantile,0.6,15.534924507141113
2026-08-26,hospital admissions,2026-08-23,1,MT,quantile,0.65,17.841437339782715
2026-08-26,hospital admissions,2026-08-30,2,MT,quantile,0.65,17.788930892944336
2026-08-26,hospital admissions,2026-09-06,3,MT,quantile,0.65,17.117015838623047
2026-08-26,hospital admissions,2026-09-13,4,MT,quantile,0.65,16.571650981903076
2026-08-26,hospital admissions,2026-08-23,1,MT,quantile,0.7,18.54376792907715
2026-08-26,hospital admissions,2026-08-30,2,MT,quantile,0.7,18.6742000579834
2026-08-26,hospital admissions,2026-09-06,3,MT,quantile,0.7,18.096450805664062
2026-08-26,hospital admissions,2026-09-13,4,MT,quantile,0.7,17.60837745666504
2026-08-26,hospital admissions,2026-08-23,1,MT,quantile,0.75,19.60441493988037
2026-08-26,hospital admissions,2026-08-30,2,MT,quantile,0.75,20.00675106048584
2026-08-26,hospital admissions,2026-09-06,3,MT,quantile,0.75,19.513940811157227
2026-08-26,hospital admissions,2026-09-13,4,MT,quantile,0.75,19.136554718017578
2026-08-26,hospital admissions,2026-08-23,1,MT,quantile,0.8,20.665061950683594
2026-08-26,hospital admissions,2026-08-30,2,MT,quantile,0.8,21.33930206298828
2026-08-26,hospital admissions,2026-09-06,3,MT,quantile,0.8,20.93143081665039
2026-08-26,hospital admissions,2026-09-13,4,MT,quantile,0.8,20.664731979370117
2026-08-26,hospital admissions,2026-08-23,1,MT,quantile,0.85,22.6430492401123
2026-08-26,hospital admissions,2026-08-30,2,MT,quantile,0.85,23.821129798889157
2026-08-26,hospital admissions,2026-09-06,3,MT,quantile,0.85,23.613655090332028
2026-08-26,hospital admissions,2026-09-13,4,MT,quantile,0.85,23.565148353576657
2026-08-26,hospital admissions,2026-08-23,1,MT,quantile,0.9,24.621036529541016
2026-08-26,hospital admissions,2026-08-30,2,MT,quantile,0.9,26.30295753479004
2026-08-26,hospital admissions,2026-09-06,3,MT,quantile,0.9,26.295879364013672
2026-08-26,hospital admissions,2026-09-13,4,MT,quantile,0.9,26.465564727783203
2026-08-26,hospital admissions,2026-08-23,1,MT,quantile,0.95,25.324690227640026
2026-08-26,hospital admissions,2026-08-30,2,MT,quantile,0.95,27.18896466640602
2026-08-26,hospital admissions,2026-09-06,3,MT,quantile,0.95,27.442951708859916
2026-08-26,hospital admissions,2026-09-13,4,MT,quantile,0.95,27.692582005989554
2026-08-26,hospital admissions,2026-08-23,1,MT,quantile,0.975,27.03429610166026
2026-08-26,hospital admissions,2026-08-30,2,MT,quantile,0.975,29.340265819974555
2026-08-26,hospital admissions,2026-09-06,3,MT,quantile,0.975,29.832310716716464
2026-08-26,hospital admissions,2026-09-13,4,MT,quantile,0.975,30.275041728695353
2026-08-26,hospital admissions,2026-08-23,1,MT,quantile,0.99,29.022082394787247
2026-08-26,hospital admissions,2026-08-30,2,MT,quantile,0.99,31.841618330770373
2026-08-26,hospital admissions,2026-09-06,3,MT,quantile,0.99,32.61045693003517
2026-08-26,hospital admissions,2026-09-13,4,MT,quantile,0.99,33.27770925420852
2026-08-26,hospital admissions,2026-08-23,1,PL,median,,1.748286485671997
2026-08-26,hospital admissions,2026-08-30,2,PL,median,,1.851796269416809
2026-08-26,hospital admissions,2026-09-06,3,PL,median,,2.5652921199798584
2026-08-26,hospital admissions,2026-09-13,4,PL,median,,2.9808566570281982
2026-08-26,hospital admissions,2026-08-23,1,PL,quantile,0.01,0.0
2026-08-26,hospital admissions,2026-08-30,2,PL,quantile,0.01,0.0
2026-08-26,hospital admissions,2026-09-06,3,PL,quantile,0.01,0.0
2026-08-26,hospital admissions,2026-09-13,4,PL,quantile,0.01,0.0
2026-08-26,hospital admissions,2026-08-23,1,PL,quantile,0.025,0.0
2026-08-26,hospital admissions,2026-08-30,2,PL,quantile,0.025,0.0
2026-08-26,hospital admissions,2026-09-06,3,PL,quantile,0.025,0.0
2026-08-26,hospital admissions,2026-09-13,4,PL,quantile,0.025,0.0
2026-08-26,hospital admissions,2026-08-23,1,PL,quantile,0.05,0.0
2026-08-26,hospital admissions,2026-08-30,2,PL,quantile,0.05,0.0
2026-08-26,hospital admissions,2026-09-06,3,PL,quantile,0.05,0.0
2026-08-26,hospital admissions,2026-09-13,4,PL,quantile,0.05,0.0
2026-08-26,hospital admissions,2026-08-23,1,PL,quantile,0.1,0.0
2026-08-26,hospital admissions,2026-08-30,2,PL,quantile,0.1,0.0
2026-08-26,hospital admissions,2026-09-06,3,PL,quantile,0.1,0.0
2026-08-26,hospital admissions,2026-09-13,4,PL,quantile,0.1,0.0
2026-08-26,hospital admissions,2026-08-23,1,PL,quantile,0.15,0.0
2026-08-26,hospital admissions,2026-08-30,2,PL,quantile,0.15,0.0
2026-08-26,hospital admissions,2026-09-06,3,PL,quantile,0.15,0.07971343398094172
2026-08-26,hospital admissions,2026-09-13,4,PL,quantile,0.15,0.081626996397972
2026-08-26,hospital admissions,2026-08-23,1,PL,quantile,0.2,0.2342662662267685
2026-08-26,hospital admissions,2026-08-30,2,PL,quantile,0.2,0.18639037013053894
2026-08-26,hospital admissions,2026-09-06,3,PL,quantile,0.2,0.4200354218482971
2026-08-26,hospital admissions,2026-09-13,4,PL,quantile,0.2,0.4734632074832916
2026-08-26,hospital admissions,2026-08-23,1,PL,quantile,0.25,0.46063273400068283
2026-08-26,hospital admissions,2026-08-30,2,PL,quantile,0.25,0.43380577862262726
2026-08-26,hospital admissions,2026-09-06,3,PL,quantile,0.25,0.7450659573078156
2026-08-26,hospital admissions,2026-09-13,4,PL,quantile,0.25,0.843709722161293
2026-08-26,hospital admissions,2026-08-23,1,PL,quantile,0.3,0.6869992017745972
2026-08-26,hospital admissions,2026-08-30,2,PL,quantile,0.3,0.6812211871147156
2026-08-26,hospital admissions,2026-09-06,3,PL,quantile,0.3,1.070096492767334
2026-08-26,hospital admissions,2026-09-13,4,PL,quantile,0.3,1.2139562368392944
2026-08-26,hospital admissions,2026-08-23,1,PL,quantile,0.35,0.9519352316856382
2026-08-26,hospital admissions,2026-08-30,2,PL,quantile,0.35,0.9624953567981718
2026-08-26,hospital admissions,2026-09-06,3,PL,quantile,0.35,1.4184260964393614
2026-08-26,hospital admissions,2026-09-13,4,PL,quantile,0.35,1.6368029713630674
2026-08-26,hospital admissions,2026-08-23,1,PL,quantile,0.4,1.2168712615966797
2026-08-26,hospital admissions,2026-08-30,2,PL,quantile,0.4,1.2437695264816284
2026-08-26,hospital admissions,2026-09-06,3,PL,quantile,0.4,1.7667557001113892
2026-08-26,hospital admissions,2026-09-13,4,PL,quantile,0.4,2.059649705886841
2026-08-26,hospital admissions,2026-08-23,1,PL,quantile,0.45,1.4825788736343384
2026-08-26,hospital admissions,2026-08-30,2,PL,quantile,0.45,1.5477828979492188
2026-08-26,hospital admissions,2026-09-06,3,PL,quantile,0.45,2.166023910045624
2026-08-26,hospital admissions,2026-09-13,4,PL,quantile,0.45,2.5202531814575195
2026-08-26,hospital admissions,2026-08-23,1,PL,quantile,0.5,1.748286485671997
2026-08-26,hospital admissions,2026-08-30,2,PL,quantile,0.5,1.851796269416809
2026-08-26,hospital admissions,2026-09-06,3,PL,quantile,0.5,2.5652921199798584
2026-08-26,hospital admissions,2026-09-13,4,PL,quantile,0.5,2.9808566570281982
2026-08-26,hospital admissions,2026-08-23,1,PL,quantile,0.55,2.0584284067153935
2026-08-26,hospital admissions,2026-08-30,2,PL,quantile,0.55,2.1974795460700993
2026-08-26,hospital admissions,2026-09-06,3,PL,quantile,0.55,3.0123434066772465
2026-08-26,hospital admissions,2026-09-13,4,PL,quantile,0.55,3.593356728553773
2026-08-26,hospital admissions,2026-08-23,1,PL,quantile,0.6,2.368570327758789
2026-08-26,hospital admissions,2026-08-30,2,PL,quantile,0.6,2.5431628227233887
2026-08-26,hospital admissions,2026-09-06,3,PL,quantile,0.6,3.459394693374634
2026-08-26,hospital admissions,2026-09-13,4,PL,quantile,0.6,4.205856800079346
2026-08-26,hospital admissions,2026-08-23,1,PL,quantile,0.65,2.7380983829498295
2026-08-26,hospital admissions,2026-08-30,2,PL,quantile,0.65,2.9567717313766484
2026-08-26,hospital admissions,2026-09-06,3,PL,quantile,0.65,4.032861590385438
2026-08-26,hospital admissions,2026-09-13,4,PL,quantile,0.65,4.8630850315094
2026-08-26,hospital admissions,2026-08-23,1,PL,quantile,0.7,3.107626438140869
2026-08-26,hospital admissions,2026-08-30,2,PL,quantile,0.7,3.3703806400299072
2026-08-26,hospital admissions,2026-09-06,3,PL,quantile,0.7,4.60632848739624
2026-08-26,hospital admissions,2026-09-13,4,PL,quantile,0.7,5.520313262939453
2026-08-26,hospital admissions,2026-08-23,1,PL,quantile,0.75,3.5976130962371826
2026-08-26,hospital admissions,2026-08-30,2,PL,quantile,0.75,3.8913577795028687
2026-08-26,hospital admissions,2026-09-06,3,PL,quantile,0.75,5.388628005981445
2026-08-26,hospital admissions,2026-09-13,4,PL,quantile,0.75,6.5549328327178955
2026-08-26,hospital admissions,2026-08-23,1,PL,quantile,0.8,4.087599754333496
2026-08-26,hospital admissions,2026-08-30,2,PL,quantile,0.8,4.41233491897583
2026-08-26,hospital admissions,2026-09-06,3,PL,quantile,0.8,6.17092752456665
2026-08-26,hospital admissions,2026-09-13,4,PL,quantile,0.8,7.589552402496338
2026-08-26,hospital admissions,2026-08-23,1,PL,quantile,0.85,4.647031307220458
2026-08-26,hospital admissions,2026-08-30,2,PL,quantile,0.85,5.384896278381347
2026-08-26,hospital admissions,2026-09-06,3,PL,quantile,0.85,7.567816019058226
2026-08-26,hospital admissions,2026-09-13,4,PL,quantile,0.85,9.366062879562376
2026-08-26,hospital admissions,2026-08-23,1,PL,quantile,0.9,5.206462860107422
2026-08-26,hospital admissions,2026-08-30,2,PL,quantile,0.9,6.357457637786865
2026-08-26,hospital admissions,2026-09-06,3,PL,quantile,0.9,8.964704513549805
2026-08-26,hospital admissions,2026-09-13,4,PL,quantile,0.9,11.050529439554946
2026-08-26,hospital admissions,2026-08-23,1,PL,quantile,0.95,5.656651486444419
2026-08-26,hospital admissions,2026-08-30,2,PL,quantile,0.95,6.505638452845874
2026-08-26,hospital admissions,2026-09-06,3,PL,quantile,0.95,8.988593507580397
2026-08-26,hospital admissions,2026-09-13,4,PL,quantile,0.95,11.142573356628418
2026-08-26,hospital admissions,2026-08-23,1,PL,quantile,0.975,6.348858770198543
2026-08-26,hospital admissions,2026-08-30,2,PL,quantile,0.975,7.3201446436174376
2026-08-26,hospital admissions,2026-09-06,3,PL,quantile,0.975,10.098323741812038
2026-08-26,hospital admissions,2026-09-13,4,PL,quantile,0.975,12.425149140426235
2026-08-26,hospital admissions,2026-08-23,1,PL,quantile,0.99,7.153699331148103
2026-08-26,hospital admissions,2026-08-30,2,PL,quantile,0.99,8.267184114109817
2026-08-26,hospital admissions,2026-09-06,3,PL,quantile,0.99,11.388624963980245
2026-08-26,hospital admissions,2026-09-13,4,PL,quantile,0.99,14.023441613081792
