"origin_date","target","target_end_date","horizon","location","output_type","output_type_id","value"
2026-08-19,"hospital admissions",2026-08-09,0,"CZ","quantile","0.01",0.79649912237132
2026-08-19,"hospital admissions",2026-08-09,0,"CZ","quantile","0.025",0.998119274282759
2026-08-19,"hospital admissions",2026-08-09,0,"CZ","quantile","0.05",1.21189610404358
2026-08-19,"hospital admissions",2026-08-09,0,"CZ","quantile","0.1",1.51578717987546
2026-08-19,"hospital admissions",2026-08-09,0,"CZ","quantile","0.15",1.76278880436735
2026-08-19,"hospital admissions",2026-08-09,0,"CZ","quantile","0.2",1.98749903180863
2026-08-19,"hospital admissions",2026-08-09,0,"CZ","quantile","0.25",2.20297609769762
2026-08-19,"hospital admissions",2026-08-09,0,"CZ","quantile","0.3",2.41631936435902
2026-08-19,"hospital admissions",2026-08-09,0,"CZ","quantile","0.35",2.63241430379354
2026-08-19,"hospital admissions",2026-08-09,0,"CZ","quantile","0.4",2.85531032989428
2026-08-19,"hospital admissions",2026-08-09,0,"CZ","quantile","0.45",3.08891231147977
2026-08-19,"hospital admissions",2026-08-09,0,"CZ","quantile","0.5",3.33746232276094
2026-08-19,"hospital admissions",2026-08-09,0,"CZ","quantile","0.55",3.60601196558822
2026-08-19,"hospital admissions",2026-08-09,0,"CZ","quantile","0.6",3.90103122565359
2026-08-19,"hospital admissions",2026-08-09,0,"CZ","quantile","0.65",4.23134562815475
2026-08-19,"hospital admissions",2026-08-09,0,"CZ","quantile","0.7",4.60976099440548
2026-08-19,"hospital admissions",2026-08-09,0,"CZ","quantile","0.75",5.05618502510767
2026-08-19,"hospital admissions",2026-08-09,0,"CZ","quantile","0.8",5.60435732424614
2026-08-19,"hospital admissions",2026-08-09,0,"CZ","quantile","0.85",6.31876871934548
2026-08-19,"hospital admissions",2026-08-09,0,"CZ","quantile","0.9",7.34842918830071
2026-08-19,"hospital admissions",2026-08-09,0,"CZ","quantile","0.95",9.19109709048812
2026-08-19,"hospital admissions",2026-08-09,0,"CZ","quantile","0.975",11.1596429834029
2026-08-19,"hospital admissions",2026-08-09,0,"CZ","quantile","0.99",13.9845160440191
2026-08-19,"hospital admissions",2026-08-16,1,"CZ","quantile","0.01",0.95596236978704
2026-08-19,"hospital admissions",2026-08-16,1,"CZ","quantile","0.025",1.26905246998826
2026-08-19,"hospital admissions",2026-08-16,1,"CZ","quantile","0.05",1.61919710483733
2026-08-19,"hospital admissions",2026-08-16,1,"CZ","quantile","0.1",2.14438896072209
2026-08-19,"hospital admissions",2026-08-16,1,"CZ","quantile","0.15",2.59190439005483
2026-08-19,"hospital admissions",2026-08-16,1,"CZ","quantile","0.2",3.01328811908749
2026-08-19,"hospital admissions",2026-08-16,1,"CZ","quantile","0.25",3.42899330445653
2026-08-19,"hospital admissions",2026-08-16,1,"CZ","quantile","0.3",3.85096436485294
2026-08-19,"hospital admissions",2026-08-16,1,"CZ","quantile","0.35",4.28820228352514
2026-08-19,"hospital admissions",2026-08-16,1,"CZ","quantile","0.4",4.74891576565885
2026-08-19,"hospital admissions",2026-08-16,1,"CZ","quantile","0.45",5.24171987228774
2026-08-19,"hospital admissions",2026-08-16,1,"CZ","quantile","0.5",5.77661353252565
2026-08-19,"hospital admissions",2026-08-16,1,"CZ","quantile","0.55",6.36609065672839
2026-08-19,"hospital admissions",2026-08-16,1,"CZ","quantile","0.6",7.02671210667998
2026-08-19,"hospital admissions",2026-08-16,1,"CZ","quantile","0.65",7.78164407783652
2026-08-19,"hospital admissions",2026-08-16,1,"CZ","quantile","0.7",8.66517078389864
2026-08-19,"hospital admissions",2026-08-16,1,"CZ","quantile","0.75",9.73150453831151
2026-08-19,"hospital admissions",2026-08-16,1,"CZ","quantile","0.8",11.0740369275619
2026-08-19,"hospital admissions",2026-08-16,1,"CZ","quantile","0.85",12.8744193004174
2026-08-19,"hospital admissions",2026-08-16,1,"CZ","quantile","0.9",15.5611992578632
2026-08-19,"hospital admissions",2026-08-16,1,"CZ","quantile","0.95",20.6085249315653
2026-08-19,"hospital admissions",2026-08-16,1,"CZ","quantile","0.975",26.2946290191352
2026-08-19,"hospital admissions",2026-08-16,1,"CZ","quantile","0.99",34.9064617591508
2026-08-19,"hospital admissions",2026-08-23,2,"CZ","quantile","0.01",0.885758550652728
2026-08-19,"hospital admissions",2026-08-23,2,"CZ","quantile","0.025",1.09613327680602
2026-08-19,"hospital admissions",2026-08-23,2,"CZ","quantile","0.05",1.31661790169579
2026-08-19,"hospital admissions",2026-08-23,2,"CZ","quantile","0.1",1.62640724283291
2026-08-19,"hospital admissions",2026-08-23,2,"CZ","quantile","0.15",1.87562397419813
2026-08-19,"hospital admissions",2026-08-23,2,"CZ","quantile","0.2",2.10065642747017
2026-08-19,"hospital admissions",2026-08-23,2,"CZ","quantile","0.25",2.31511294738746
2026-08-19,"hospital admissions",2026-08-23,2,"CZ","quantile","0.3",2.52629751652486
2026-08-19,"hospital admissions",2026-08-23,2,"CZ","quantile","0.35",2.73915054331406
2026-08-19,"hospital admissions",2026-08-23,2,"CZ","quantile","0.4",2.95768671729538
2026-08-19,"hospital admissions",2026-08-23,2,"CZ","quantile","0.45",3.18570382740192
2026-08-19,"hospital admissions",2026-08-23,2,"CZ","quantile","0.5",3.42726164643624
2026-08-19,"hospital admissions",2026-08-23,2,"CZ","quantile","0.55",3.68713572558071
2026-08-19,"hospital admissions",2026-08-23,2,"CZ","quantile","0.6",3.97138828951902
2026-08-19,"hospital admissions",2026-08-23,2,"CZ","quantile","0.65",4.28823542459311
2026-08-19,"hospital admissions",2026-08-23,2,"CZ","quantile","0.7",4.64954041093729
2026-08-19,"hospital admissions",2026-08-23,2,"CZ","quantile","0.75",5.0736714190934
2026-08-19,"hospital admissions",2026-08-23,2,"CZ","quantile","0.8",5.59164375455664
2026-08-19,"hospital admissions",2026-08-23,2,"CZ","quantile","0.85",6.26251453101337
2026-08-19,"hospital admissions",2026-08-23,2,"CZ","quantile","0.9",7.22212867957549
2026-08-19,"hospital admissions",2026-08-23,2,"CZ","quantile","0.95",8.92143603546931
2026-08-19,"hospital admissions",2026-08-23,2,"CZ","quantile","0.975",10.7159618649289
2026-08-19,"hospital admissions",2026-08-23,2,"CZ","quantile","0.99",13.2610883456637
2026-08-19,"hospital admissions",2026-08-30,3,"CZ","quantile","0.01",0.927293107607017
2026-08-19,"hospital admissions",2026-08-30,3,"CZ","quantile","0.025",1.13202901369513
2026-08-19,"hospital admissions",2026-08-30,3,"CZ","quantile","0.05",1.3439192976395
2026-08-19,"hospital admissions",2026-08-30,3,"CZ","quantile","0.1",1.63789079364314
2026-08-19,"hospital admissions",2026-08-30,3,"CZ","quantile","0.15",1.87175582267207
2026-08-19,"hospital admissions",2026-08-30,3,"CZ","quantile","0.2",2.08121689128767
2026-08-19,"hospital admissions",2026-08-30,3,"CZ","quantile","0.25",2.27950060613468
2026-08-19,"hospital admissions",2026-08-30,3,"CZ","quantile","0.3",2.47361452144878
2026-08-19,"hospital admissions",2026-08-30,3,"CZ","quantile","0.35",2.6682157057474
2026-08-19,"hospital admissions",2026-08-30,3,"CZ","quantile","0.4",2.8670106074359
2026-08-19,"hospital admissions",2026-08-30,3,"CZ","quantile","0.45",3.07343301855788
2026-08-19,"hospital admissions",2026-08-30,3,"CZ","quantile","0.5",3.29108791633627
2026-08-19,"hospital admissions",2026-08-30,3,"CZ","quantile","0.55",3.52415673536846
2026-08-19,"hospital admissions",2026-08-30,3,"CZ","quantile","0.6",3.7778931284602
2026-08-19,"hospital admissions",2026-08-30,3,"CZ","quantile","0.65",4.05936433464648
2026-08-19,"hospital admissions",2026-08-30,3,"CZ","quantile","0.7",4.37871769393996
2026-08-19,"hospital admissions",2026-08-30,3,"CZ","quantile","0.75",4.75159324103933
2026-08-19,"hospital admissions",2026-08-30,3,"CZ","quantile","0.8",5.20429164225799
2026-08-19,"hospital admissions",2026-08-30,3,"CZ","quantile","0.85",5.78668410796885
2026-08-19,"hospital admissions",2026-08-30,3,"CZ","quantile","0.9",6.61293153065644
2026-08-19,"hospital admissions",2026-08-30,3,"CZ","quantile","0.95",8.05945691238969
2026-08-19,"hospital admissions",2026-08-30,3,"CZ","quantile","0.975",9.5680053620707
2026-08-19,"hospital admissions",2026-08-30,3,"CZ","quantile","0.99",11.6805135120716
2026-08-19,"hospital admissions",2026-09-06,4,"CZ","quantile","0.01",0.50856379738171
2026-08-19,"hospital admissions",2026-09-06,4,"CZ","quantile","0.025",0.659197007873112
2026-08-19,"hospital admissions",2026-09-06,4,"CZ","quantile","0.05",0.82398149660332
2026-08-19,"hospital admissions",2026-09-06,4,"CZ","quantile","0.1",1.06571119163696
2026-08-19,"hospital admissions",2026-09-06,4,"CZ","quantile","0.15",1.26770404182495
2026-08-19,"hospital admissions",2026-09-06,4,"CZ","quantile","0.2",1.45521176348996
2026-08-19,"hospital admissions",2026-09-06,4,"CZ","quantile","0.25",1.63803132410072
2026-08-19,"hospital admissions",2026-09-06,4,"CZ","quantile","0.3",1.82170228951331
2026-08-19,"hospital admissions",2026-09-06,4,"CZ","quantile","0.35",2.01023614226997
2026-08-19,"hospital admissions",2026-09-06,4,"CZ","quantile","0.4",2.20714727983904
2026-08-19,"hospital admissions",2026-09-06,4,"CZ","quantile","0.45",2.41600057327558
2026-08-19,"hospital admissions",2026-09-06,4,"CZ","quantile","0.5",2.64082856437513
2026-08-19,"hospital admissions",2026-09-06,4,"CZ","quantile","0.55",2.88657858096631
2026-08-19,"hospital admissions",2026-09-06,4,"CZ","quantile","0.6",3.15972367142086
2026-08-19,"hospital admissions",2026-09-06,4,"CZ","quantile","0.65",3.46923197716689
2026-08-19,"hospital admissions",2026-09-06,4,"CZ","quantile","0.7",3.82827399765895
2026-08-19,"hospital admissions",2026-09-06,4,"CZ","quantile","0.75",4.25753488581685
2026-08-19,"hospital admissions",2026-09-06,4,"CZ","quantile","0.8",4.79241281673965
2026-08-19,"hospital admissions",2026-09-06,4,"CZ","quantile","0.85",5.50126470874077
2026-08-19,"hospital admissions",2026-09-06,4,"CZ","quantile","0.9",6.54396384418876
2026-08-19,"hospital admissions",2026-09-06,4,"CZ","quantile","0.95",8.46375256625088
2026-08-19,"hospital admissions",2026-09-06,4,"CZ","quantile","0.975",10.5795011553845
2026-08-19,"hospital admissions",2026-09-06,4,"CZ","quantile","0.99",13.7130789535638
2026-08-19,"hospital admissions",2026-08-02,-1,"EE","quantile","0.01",0.5222471036256
2026-08-19,"hospital admissions",2026-08-02,-1,"EE","quantile","0.025",0.69355901717194
2026-08-19,"hospital admissions",2026-08-02,-1,"EE","quantile","0.05",0.885214600546084
2026-08-19,"hospital admissions",2026-08-02,-1,"EE","quantile","0.1",1.17278822080016
2026-08-19,"hospital admissions",2026-08-02,-1,"EE","quantile","0.15",1.41790719798707
2026-08-19,"hospital admissions",2026-08-02,-1,"EE","quantile","0.2",1.64876643233854
2026-08-19,"hospital admissions",2026-08-02,-1,"EE","quantile","0.25",1.87655814106367
2026-08-19,"hospital admissions",2026-08-02,-1,"EE","quantile","0.3",2.10782210539803
2026-08-19,"hospital admissions",2026-08-02,-1,"EE","quantile","0.35",2.34748983238936
2026-08-19,"hospital admissions",2026-08-02,-1,"EE","quantile","0.4",2.60006169623841
2026-08-19,"hospital admissions",2026-08-02,-1,"EE","quantile","0.45",2.87026339633013
2026-08-19,"hospital admissions",2026-08-02,-1,"EE","quantile","0.5",3.16358191725355
2026-08-19,"hospital admissions",2026-08-02,-1,"EE","quantile","0.55",3.48687530209596
2026-08-19,"hospital admissions",2026-08-02,-1,"EE","quantile","0.6",3.84923579377092
2026-08-19,"hospital admissions",2026-08-02,-1,"EE","quantile","0.65",4.26338398108709
2026-08-19,"hospital admissions",2026-08-02,-1,"EE","quantile","0.7",4.74814763615154
2026-08-19,"hospital admissions",2026-08-02,-1,"EE","quantile","0.75",5.33330160583288
2026-08-19,"hospital admissions",2026-08-02,-1,"EE","quantile","0.8",6.07014453404314
2026-08-19,"hospital admissions",2026-08-02,-1,"EE","quantile","0.85",7.05846656352532
2026-08-19,"hospital admissions",2026-08-02,-1,"EE","quantile","0.9",8.53372362517872
2026-08-19,"hospital admissions",2026-08-02,-1,"EE","quantile","0.95",11.3060161242252
2026-08-19,"hospital admissions",2026-08-02,-1,"EE","quantile","0.975",14.430279614824
2026-08-19,"hospital admissions",2026-08-02,-1,"EE","quantile","0.99",19.163822025423
2026-08-19,"hospital admissions",2026-08-09,0,"EE","quantile","0.01",2.65585133380197
2026-08-19,"hospital admissions",2026-08-09,0,"EE","quantile","0.025",3.01538018443573
2026-08-19,"hospital admissions",2026-08-09,0,"EE","quantile","0.05",3.36328809343427
2026-08-19,"hospital admissions",2026-08-09,0,"EE","quantile","0.1",3.81450853513047
2026-08-19,"hospital admissions",2026-08-09,0,"EE","quantile","0.15",4.15266818727737
2026-08-19,"hospital admissions",2026-08-09,0,"EE","quantile","0.2",4.44268122417661
2026-08-19,"hospital admissions",2026-08-09,0,"EE","quantile","0.25",4.70757576722967
2026-08-19,"hospital admissions",2026-08-09,0,"EE","quantile","0.3",4.9588930428555
2026-08-19,"hospital admissions",2026-08-09,0,"EE","quantile","0.35",5.20373718568651
2026-08-19,"hospital admissions",2026-08-09,0,"EE","quantile","0.4",5.44723936419192
2026-08-19,"hospital admissions",2026-08-09,0,"EE","quantile","0.45",5.69367021566916
2026-08-19,"hospital admissions",2026-08-09,0,"EE","quantile","0.5",5.94707612566561
2026-08-19,"hospital admissions",2026-08-09,0,"EE","quantile","0.55",6.21176027145528
2026-08-19,"hospital admissions",2026-08-09,0,"EE","quantile","0.6",6.49277773195646
2026-08-19,"hospital admissions",2026-08-09,0,"EE","quantile","0.65",6.79659890237059
2026-08-19,"hospital admissions",2026-08-09,0,"EE","quantile","0.7",7.13217932687978
2026-08-19,"hospital admissions",2026-08-09,0,"EE","quantile","0.75",7.51293578547653
2026-08-19,"hospital admissions",2026-08-09,0,"EE","quantile","0.8",7.96089403218815
2026-08-19,"hospital admissions",2026-08-09,0,"EE","quantile","0.85",8.51686502495405
2026-08-19,"hospital admissions",2026-08-09,0,"EE","quantile","0.9",9.27189285821122
2026-08-19,"hospital admissions",2026-08-09,0,"EE","quantile","0.95",10.515814721167
2026-08-19,"hospital admissions",2026-08-09,0,"EE","quantile","0.975",11.7291062092326
2026-08-19,"hospital admissions",2026-08-09,0,"EE","quantile","0.99",13.3169029434458
2026-08-19,"hospital admissions",2026-08-16,1,"EE","quantile","0.01",0.950072790187982
2026-08-19,"hospital admissions",2026-08-16,1,"EE","quantile","0.025",1.30917940719806
2026-08-19,"hospital admissions",2026-08-16,1,"EE","quantile","0.05",1.72486540756285
2026-08-19,"hospital admissions",2026-08-16,1,"EE","quantile","0.1",2.37042525184563
2026-08-19,"hospital admissions",2026-08-16,1,"EE","quantile","0.15",2.93752890449848
2026-08-19,"hospital admissions",2026-08-16,1,"EE","quantile","0.2",3.48352949357298
2026-08-19,"hospital admissions",2026-08-16,1,"EE","quantile","0.25",4.03215241422658
2026-08-19,"hospital admissions",2026-08-16,1,"EE","quantile","0.3",4.59809109911521
2026-08-19,"hospital admissions",2026-08-16,1,"EE","quantile","0.35",5.19319006081731
2026-08-19,"hospital admissions",2026-08-16,1,"EE","quantile","0.4",5.82894564105291
2026-08-19,"hospital admissions",2026-08-16,1,"EE","quantile","0.45",6.51802933309252
2026-08-19,"hospital admissions",2026-08-16,1,"EE","quantile","0.5",7.27567430552192
2026-08-19,"hospital admissions",2026-08-16,1,"EE","quantile","0.55",8.12138667914162
2026-08-19,"hospital admissions",2026-08-16,1,"EE","quantile","0.6",9.0814771418026
2026-08-19,"hospital admissions",2026-08-16,1,"EE","quantile","0.65",10.1932407595537
2026-08-19,"hospital admissions",2026-08-16,1,"EE","quantile","0.7",11.5124810402774
2026-08-19,"hospital admissions",2026-08-16,1,"EE","quantile","0.75",13.1283322558098
2026-08-19,"hospital admissions",2026-08-16,1,"EE","quantile","0.8",15.1959203152137
2026-08-19,"hospital admissions",2026-08-16,1,"EE","quantile","0.85",18.0203968440847
2026-08-19,"hospital admissions",2026-08-16,1,"EE","quantile","0.9",22.3316202689015
2026-08-19,"hospital admissions",2026-08-16,1,"EE","quantile","0.95",30.6896041673345
2026-08-19,"hospital admissions",2026-08-16,1,"EE","quantile","0.975",40.4340583948886
2026-08-19,"hospital admissions",2026-08-16,1,"EE","quantile","0.99",55.7172430857199
2026-08-19,"hospital admissions",2026-08-23,2,"EE","quantile","0.01",2.5455064413953
2026-08-19,"hospital admissions",2026-08-23,2,"EE","quantile","0.025",3.0115024377893
2026-08-19,"hospital admissions",2026-08-23,2,"EE","quantile","0.05",3.47996601673244
2026-08-19,"hospital admissions",2026-08-23,2,"EE","quantile","0.1",4.11121234011563
2026-08-19,"hospital admissions",2026-08-23,2,"EE","quantile","0.15",4.60059928061372
2026-08-19,"hospital admissions",2026-08-23,2,"EE","quantile","0.2",5.03077004765556
2026-08-19,"hospital admissions",2026-08-23,2,"EE","quantile","0.25",5.43173558970389
2026-08-19,"hospital admissions",2026-08-23,2,"EE","quantile","0.3",5.81897887764502
2026-08-19,"hospital admissions",2026-08-23,2,"EE","quantile","0.35",6.20241966758481
2026-08-19,"hospital admissions",2026-08-23,2,"EE","quantile","0.4",6.58960484828252
2026-08-19,"hospital admissions",2026-08-23,2,"EE","quantile","0.45",6.98720055341835
2026-08-19,"hospital admissions",2026-08-23,2,"EE","quantile","0.5",7.40190732136206
2026-08-19,"hospital admissions",2026-08-23,2,"EE","quantile","0.55",7.84122791025788
2026-08-19,"hospital admissions",2026-08-23,2,"EE","quantile","0.6",8.31434255246927
2026-08-19,"hospital admissions",2026-08-23,2,"EE","quantile","0.65",8.83336422402508
2026-08-19,"hospital admissions",2026-08-23,2,"EE","quantile","0.7",9.41543750992381
2026-08-19,"hospital admissions",2026-08-23,2,"EE","quantile","0.75",10.0866898046155
2026-08-19,"hospital admissions",2026-08-23,2,"EE","quantile","0.8",10.8906253863791
2026-08-19,"hospital admissions",2026-08-23,2,"EE","quantile","0.85",11.9089337393289
2026-08-19,"hospital admissions",2026-08-23,2,"EE","quantile","0.9",13.3265390988032
2026-08-19,"hospital admissions",2026-08-23,2,"EE","quantile","0.95",15.7438985698709
2026-08-19,"hospital admissions",2026-08-23,2,"EE","quantile","0.975",18.1929894216697
2026-08-19,"hospital admissions",2026-08-23,2,"EE","quantile","0.99",21.5235094687097
2026-08-19,"hospital admissions",2026-08-30,3,"EE","quantile","0.01",2.21286866856219
2026-08-19,"hospital admissions",2026-08-30,3,"EE","quantile","0.025",2.69996756689494
2026-08-19,"hospital admissions",2026-08-30,3,"EE","quantile","0.05",3.20383258694238
2026-08-19,"hospital admissions",2026-08-30,3,"EE","quantile","0.1",3.90252726715227
2026-08-19,"hospital admissions",2026-08-30,3,"EE","quantile","0.15",4.458114572551
2026-08-19,"hospital admissions",2026-08-30,3,"EE","quantile","0.2",4.9555633132815
2026-08-19,"hospital admissions",2026-08-30,3,"EE","quantile","0.25",5.426340048351
2026-08-19,"hospital admissions",2026-08-30,3,"EE","quantile","0.3",5.88710762102693
2026-08-19,"hospital admissions",2026-08-30,3,"EE","quantile","0.35",6.34893219658347
2026-08-19,"hospital admissions",2026-08-30,3,"EE","quantile","0.4",6.82061382771072
2026-08-19,"hospital admissions",2026-08-30,3,"EE","quantile","0.45",7.31029837517745
2026-08-19,"hospital admissions",2026-08-30,3,"EE","quantile","0.5",7.82653148808837
2026-08-19,"hospital admissions",2026-08-30,3,"EE","quantile","0.55",8.37921955990639
2026-08-19,"hospital admissions",2026-08-30,3,"EE","quantile","0.6",8.98080388090207
2026-08-19,"hospital admissions",2026-08-30,3,"EE","quantile","0.65",9.64801532563247
2026-08-19,"hospital admissions",2026-08-30,3,"EE","quantile","0.7",10.4048709616343
2026-08-19,"hospital admissions",2026-08-30,3,"EE","quantile","0.75",11.2883812271686
2026-08-19,"hospital admissions",2026-08-30,3,"EE","quantile","0.8",12.3607733897515
2026-08-19,"hospital admissions",2026-08-30,3,"EE","quantile","0.85",13.7400226344986
2026-08-19,"hospital admissions",2026-08-30,3,"EE","quantile","0.9",15.6961350788299
2026-08-19,"hospital admissions",2026-08-30,3,"EE","quantile","0.95",19.1191622757348
2026-08-19,"hospital admissions",2026-08-30,3,"EE","quantile","0.975",22.6871596107666
2026-08-19,"hospital admissions",2026-08-30,3,"EE","quantile","0.99",27.6810802214661
2026-08-19,"hospital admissions",2026-09-06,4,"EE","quantile","0.01",7.03537818462267
2026-08-19,"hospital admissions",2026-09-06,4,"EE","quantile","0.025",7.55813129452969
2026-08-19,"hospital admissions",2026-09-06,4,"EE","quantile","0.05",8.03869137713966
2026-08-19,"hospital admissions",2026-09-06,4,"EE","quantile","0.1",8.63078932681039
2026-08-19,"hospital admissions",2026-09-06,4,"EE","quantile","0.15",9.05472141496932
2026-08-19,"hospital admissions",2026-09-06,4,"EE","quantile","0.2",9.40645120045429
2026-08-19,"hospital admissions",2026-09-06,4,"EE","quantile","0.25",9.7190730304251
2026-08-19,"hospital admissions",2026-09-06,4,"EE","quantile","0.3",10.0086619549148
2026-08-19,"hospital admissions",2026-09-06,4,"EE","quantile","0.35",10.2847060992082
2026-08-19,"hospital admissions",2026-09-06,4,"EE","quantile","0.4",10.5536815507462
2026-08-19,"hospital admissions",2026-09-06,4,"EE","quantile","0.45",10.820611934637
2026-08-19,"hospital admissions",2026-09-06,4,"EE","quantile","0.5",11.0899010224837
2026-08-19,"hospital admissions",2026-09-06,4,"EE","quantile","0.55",11.3658918212199
2026-08-19,"hospital admissions",2026-09-06,4,"EE","quantile","0.6",11.6533651406024
2026-08-19,"hospital admissions",2026-09-06,4,"EE","quantile","0.65",11.9581350698931
2026-08-19,"hospital admissions",2026-09-06,4,"EE","quantile","0.7",12.2879467048132
2026-08-19,"hospital admissions",2026-09-06,4,"EE","quantile","0.75",12.6540776371865
2026-08-19,"hospital admissions",2026-09-06,4,"EE","quantile","0.8",13.0746337877716
2026-08-19,"hospital admissions",2026-09-06,4,"EE","quantile","0.85",13.5825166840764
2026-08-19,"hospital admissions",2026-09-06,4,"EE","quantile","0.9",14.2496705725912
2026-08-19,"hospital admissions",2026-09-06,4,"EE","quantile","0.95",15.2992444812884
2026-08-19,"hospital admissions",2026-09-06,4,"EE","quantile","0.975",16.271998976453
2026-08-19,"hospital admissions",2026-09-06,4,"EE","quantile","0.99",17.4810651909654
2026-08-19,"hospital admissions",2026-08-16,1,"GR","quantile","0.01",0.258657756027195
2026-08-19,"hospital admissions",2026-08-16,1,"GR","quantile","0.025",0.432242835628784
2026-08-19,"hospital admissions",2026-08-16,1,"GR","quantile","0.05",0.672236489394433
2026-08-19,"hospital admissions",2026-08-16,1,"GR","quantile","0.1",1.11853248819576
2026-08-19,"hospital admissions",2026-08-16,1,"GR","quantile","0.15",1.5770360325685
2026-08-19,"hospital admissions",2026-08-16,1,"GR","quantile","0.2",2.0721228216039
2026-08-19,"hospital admissions",2026-08-16,1,"GR","quantile","0.25",2.61903512434105
2026-08-19,"hospital admissions",2026-08-16,1,"GR","quantile","0.3",3.23217049320037
2026-08-19,"hospital admissions",2026-08-16,1,"GR","quantile","0.35",3.92777293237906
2026-08-19,"hospital admissions",2026-08-16,1,"GR","quantile","0.4",4.72577400225649
2026-08-19,"hospital admissions",2026-08-16,1,"GR","quantile","0.45",5.6518397632364
2026-08-19,"hospital admissions",2026-08-16,1,"GR","quantile","0.5",6.74022757790242
2026-08-19,"hospital admissions",2026-08-16,1,"GR","quantile","0.55",8.0382087435369
2026-08-19,"hospital admissions",2026-08-16,1,"GR","quantile","0.6",9.61338138053657
2026-08-19,"hospital admissions",2026-08-16,1,"GR","quantile","0.65",11.5665209226845
2026-08-19,"hospital admissions",2026-08-16,1,"GR","quantile","0.7",14.0557770382133
2026-08-19,"hospital admissions",2026-08-16,1,"GR","quantile","0.75",17.3463377331935
2026-08-19,"hospital admissions",2026-08-16,1,"GR","quantile","0.8",21.9246983471527
2026-08-19,"hospital admissions",2026-08-16,1,"GR","quantile","0.85",28.807628274621
2026-08-19,"hospital admissions",2026-08-16,1,"GR","quantile","0.9",40.6163149317173
2026-08-19,"hospital admissions",2026-08-16,1,"GR","quantile","0.95",67.5813772662673
2026-08-19,"hospital admissions",2026-08-16,1,"GR","quantile","0.975",105.104501583764
2026-08-19,"hospital admissions",2026-08-16,1,"GR","quantile","0.99",175.640075517936
2026-08-19,"hospital admissions",2026-08-23,2,"GR","quantile","0.01",0.597959853680203
2026-08-19,"hospital admissions",2026-08-23,2,"GR","quantile","0.025",0.932824318676516
2026-08-19,"hospital admissions",2026-08-23,2,"GR","quantile","0.05",1.36741534789961
2026-08-19,"hospital admissions",2026-08-23,2,"GR","quantile","0.1",2.12521950556583
2026-08-19,"hospital admissions",2026-08-23,2,"GR","quantile","0.15",2.86160831931989
2026-08-19,"hospital admissions",2026-08-23,2,"GR","quantile","0.2",3.6249276066775
2026-08-19,"hospital admissions",2026-08-23,2,"GR","quantile","0.25",4.44014837528281
2026-08-19,"hospital admissions",2026-08-23,2,"GR","quantile","0.3",5.32736361686954
2026-08-19,"hospital admissions",2026-08-23,2,"GR","quantile","0.35",6.30701764698544
2026-08-19,"hospital admissions",2026-08-23,2,"GR","quantile","0.4",7.40269209317737
2026-08-19,"hospital admissions",2026-08-23,2,"GR","quantile","0.45",8.64361166955469
2026-08-19,"hospital admissions",2026-08-23,2,"GR","quantile","0.5",10.0677797098104
2026-08-19,"hospital admissions",2026-08-23,2,"GR","quantile","0.55",11.7266013514107
2026-08-19,"hospital admissions",2026-08-23,2,"GR","quantile","0.6",13.6923415170391
2026-08-19,"hospital admissions",2026-08-23,2,"GR","quantile","0.65",16.0710170731355
2026-08-19,"hospital admissions",2026-08-23,2,"GR","quantile","0.7",19.0263318922523
2026-08-19,"hospital admissions",2026-08-23,2,"GR","quantile","0.75",22.8281083689718
2026-08-19,"hospital admissions",2026-08-23,2,"GR","quantile","0.8",27.9619896680291
2026-08-19,"hospital admissions",2026-08-23,2,"GR","quantile","0.85",35.4207064610994
2026-08-19,"hospital admissions",2026-08-23,2,"GR","quantile","0.9",47.6939855011745
2026-08-19,"hospital admissions",2026-08-23,2,"GR","quantile","0.95",74.1253843910426
2026-08-19,"hospital admissions",2026-08-23,2,"GR","quantile","0.975",108.659461654129
2026-08-19,"hospital admissions",2026-08-23,2,"GR","quantile","0.99",169.510022556596
2026-08-19,"hospital admissions",2026-08-30,3,"GR","quantile","0.01",4.37063731254064
2026-08-19,"hospital admissions",2026-08-30,3,"GR","quantile","0.025",5.66191045396665
2026-08-19,"hospital admissions",2026-08-30,3,"GR","quantile","0.05",7.0737364327146
2026-08-19,"hospital admissions",2026-08-30,3,"GR","quantile","0.1",9.14369010304835
2026-08-19,"hospital admissions",2026-08-30,3,"GR","quantile","0.15",10.8725533954115
2026-08-19,"hospital admissions",2026-08-30,3,"GR","quantile","0.2",12.476883304774
2026-08-19,"hospital admissions",2026-08-30,3,"GR","quantile","0.25",14.0406549504013
2026-08-19,"hospital admissions",2026-08-30,3,"GR","quantile","0.3",15.6113160912922
2026-08-19,"hospital admissions",2026-08-30,3,"GR","quantile","0.35",17.2231941743571
2026-08-19,"hospital admissions",2026-08-30,3,"GR","quantile","0.4",18.9063338372749
2026-08-19,"hospital admissions",2026-08-30,3,"GR","quantile","0.45",20.6911854064574
2026-08-19,"hospital admissions",2026-08-30,3,"GR","quantile","0.5",22.6121714256283
2026-08-19,"hospital admissions",2026-08-30,3,"GR","quantile","0.55",24.7115033062546
2026-08-19,"hospital admissions",2026-08-30,3,"GR","quantile","0.6",27.0443916299585
2026-08-19,"hospital admissions",2026-08-30,3,"GR","quantile","0.65",29.687309531891
2026-08-19,"hospital admissions",2026-08-30,3,"GR","quantile","0.7",32.7525426807034
2026-08-19,"hospital admissions",2026-08-30,3,"GR","quantile","0.75",36.4164135069344
2026-08-19,"hospital admissions",2026-08-30,3,"GR","quantile","0.8",40.9806106294476
2026-08-19,"hospital admissions",2026-08-30,3,"GR","quantile","0.85",47.0276188110314
2026-08-19,"hospital admissions",2026-08-30,3,"GR","quantile","0.9",55.9194691442503
2026-08-19,"hospital admissions",2026-08-30,3,"GR","quantile","0.95",72.2829160296802
2026-08-19,"hospital admissions",2026-08-30,3,"GR","quantile","0.975",90.3070263542906
2026-08-19,"hospital admissions",2026-08-30,3,"GR","quantile","0.99",116.987583278736
2026-08-19,"hospital admissions",2026-09-06,4,"GR","quantile","0.01",4.32651794379543
2026-08-19,"hospital admissions",2026-09-06,4,"GR","quantile","0.025",5.62226839231745
2026-08-19,"hospital admissions",2026-09-06,4,"GR","quantile","0.05",7.04308104742553
2026-08-19,"hospital admissions",2026-09-06,4,"GR","quantile","0.1",9.13227017757431
2026-08-19,"hospital admissions",2026-09-06,4,"GR","quantile","0.15",10.8816615853565
2026-08-19,"hospital admissions",2026-09-06,4,"GR","quantile","0.2",12.5080661085803
2026-08-19,"hospital admissions",2026-09-06,4,"GR","quantile","0.25",14.0957909628175
2026-08-19,"hospital admissions",2026-09-06,4,"GR","quantile","0.3",15.6926616316968
2026-08-19,"hospital admissions",2026-09-06,4,"GR","quantile","0.35",17.333453110635
2026-08-19,"hospital admissions",2026-09-06,4,"GR","quantile","0.4",19.0487610323275
2026-08-19,"hospital admissions",2026-09-06,4,"GR","quantile","0.45",20.8697356511921
2026-08-19,"hospital admissions",2026-09-06,4,"GR","quantile","0.5",22.8317144058048
2026-08-19,"hospital admissions",2026-09-06,4,"GR","quantile","0.55",24.9781401844665
2026-08-19,"hospital admissions",2026-09-06,4,"GR","quantile","0.6",27.3659363894356
2026-08-19,"hospital admissions",2026-09-06,4,"GR","quantile","0.65",30.0740527222702
2026-08-19,"hospital admissions",2026-09-06,4,"GR","quantile","0.7",33.2185320083187
2026-08-19,"hospital admissions",2026-09-06,4,"GR","quantile","0.75",36.9817617247099
2026-08-19,"hospital admissions",2026-09-06,4,"GR","quantile","0.8",41.6760815127642
2026-08-19,"hospital admissions",2026-09-06,4,"GR","quantile","0.85",47.9051088493447
2026-08-19,"hospital admissions",2026-09-06,4,"GR","quantile","0.9",57.0818835373854
2026-08-19,"hospital admissions",2026-09-06,4,"GR","quantile","0.95",74.0140826433882
2026-08-19,"hospital admissions",2026-09-06,4,"GR","quantile","0.975",92.7183027086625
2026-08-19,"hospital admissions",2026-09-06,4,"GR","quantile","0.99",120.486541250985
2026-08-19,"hospital admissions",2026-08-16,1,"IE","quantile","0.01",2.81679188928978
2026-08-19,"hospital admissions",2026-08-16,1,"IE","quantile","0.025",4.13234233052509
2026-08-19,"hospital admissions",2026-08-16,1,"IE","quantile","0.05",5.74572968906894
2026-08-19,"hospital admissions",2026-08-16,1,"IE","quantile","0.1",8.40207787765386
2026-08-19,"hospital admissions",2026-08-16,1,"IE","quantile","0.15",10.8577397378544
2026-08-19,"hospital admissions",2026-08-16,1,"IE","quantile","0.2",13.3118692392176
2026-08-19,"hospital admissions",2026-08-16,1,"IE","quantile","0.25",15.8549118945049
2026-08-19,"hospital admissions",2026-08-16,1,"IE","quantile","0.3",18.5501164817317
2026-08-19,"hospital admissions",2026-08-16,1,"IE","quantile","0.35",21.4549829592123
2026-08-19,"hospital admissions",2026-08-16,1,"IE","quantile","0.4",24.6309560964579
2026-08-19,"hospital admissions",2026-08-16,1,"IE","quantile","0.45",28.1505305593686
2026-08-19,"hospital admissions",2026-08-16,1,"IE","quantile","0.5",32.1049683830054
2026-08-19,"hospital admissions",2026-08-16,1,"IE","quantile","0.55",36.6149047422036
2026-08-19,"hospital admissions",2026-08-16,1,"IE","quantile","0.6",41.8468934310675
2026-08-19,"hospital admissions",2026-08-16,1,"IE","quantile","0.65",48.0414734811617
2026-08-19,"hospital admissions",2026-08-16,1,"IE","quantile","0.7",55.5645564753646
2026-08-19,"hospital admissions",2026-08-16,1,"IE","quantile","0.75",65.0100739589106
2026-08-19,"hospital admissions",2026-08-16,1,"IE","quantile","0.8",77.4293208828393
2026-08-19,"hospital admissions",2026-08-16,1,"IE","quantile","0.85",94.9303464403595
2026-08-19,"hospital admissions",2026-08-16,1,"IE","quantile","0.9",122.675486931048
2026-08-19,"hospital admissions",2026-08-16,1,"IE","quantile","0.95",179.390443103284
2026-08-19,"hospital admissions",2026-08-16,1,"IE","quantile","0.975",249.429721071246
2026-08-19,"hospital admissions",2026-08-16,1,"IE","quantile","0.99",365.92302001184
2026-08-19,"hospital admissions",2026-08-23,2,"IE","quantile","0.01",2.97383724203914
2026-08-19,"hospital admissions",2026-08-23,2,"IE","quantile","0.025",4.318992867407
2026-08-19,"hospital admissions",2026-08-23,2,"IE","quantile","0.05",5.95343447197391
2026-08-19,"hospital admissions",2026-08-23,2,"IE","quantile","0.1",8.6192536401248
2026-08-19,"hospital admissions",2026-08-23,2,"IE","quantile","0.15",11.0635523077166
2026-08-19,"hospital admissions",2026-08-23,2,"IE","quantile","0.2",13.491719169691
2026-08-19,"hospital admissions",2026-08-23,2,"IE","quantile","0.25",15.995425439964
2026-08-19,"hospital admissions",2026-08-23,2,"IE","quantile","0.3",18.6374236062374
2026-08-19,"hospital admissions",2026-08-23,2,"IE","quantile","0.35",21.4736653180161
2026-08-19,"hospital admissions",2026-08-23,2,"IE","quantile","0.4",24.5630861935336
2026-08-19,"hospital admissions",2026-08-23,2,"IE","quantile","0.45",27.9745504075106
2026-08-19,"hospital admissions",2026-08-23,2,"IE","quantile","0.5",31.7941945104578
2026-08-19,"hospital admissions",2026-08-23,2,"IE","quantile","0.55",36.1353726813579
2026-08-19,"hospital admissions",2026-08-23,2,"IE","quantile","0.6",41.1540633210392
2026-08-19,"hospital admissions",2026-08-23,2,"IE","quantile","0.65",47.0749073154604
2026-08-19,"hospital admissions",2026-08-23,2,"IE","quantile","0.7",54.2387631426975
2026-08-19,"hospital admissions",2026-08-23,2,"IE","quantile","0.75",63.1974940812265
2026-08-19,"hospital admissions",2026-08-23,2,"IE","quantile","0.8",74.9252776354652
2026-08-19,"hospital admissions",2026-08-23,2,"IE","quantile","0.85",91.3694604095433
2026-08-19,"hospital admissions",2026-08-23,2,"IE","quantile","0.9",117.28054965954
2026-08-19,"hospital admissions",2026-08-23,2,"IE","quantile","0.95",169.796242711253
2026-08-19,"hospital admissions",2026-08-23,2,"IE","quantile","0.975",234.052436668117
2026-08-19,"hospital admissions",2026-08-23,2,"IE","quantile","0.99",339.92136162626
2026-08-19,"hospital admissions",2026-08-30,3,"IE","quantile","0.01",2.51136510362576
2026-08-19,"hospital admissions",2026-08-30,3,"IE","quantile","0.025",3.69815517610048
2026-08-19,"hospital admissions",2026-08-30,3,"IE","quantile","0.05",5.15868653901533
2026-08-19,"hospital admissions",2026-08-30,3,"IE","quantile","0.1",7.57182649673182
2026-08-19,"hospital admissions",2026-08-30,3,"IE","quantile","0.15",9.80948904379883
2026-08-19,"hospital admissions",2026-08-30,3,"IE","quantile","0.2",12.0507670175985
2026-08-19,"hospital admissions",2026-08-30,3,"IE","quantile","0.25",14.3775450540254
2026-08-19,"hospital admissions",2026-08-30,3,"IE","quantile","0.3",16.8475521372861
2026-08-19,"hospital admissions",2026-08-30,3,"IE","quantile","0.35",19.5136501554398
2026-08-19,"hospital admissions",2026-08-30,3,"IE","quantile","0.4",22.4326248754212
2026-08-19,"hospital admissions",2026-08-30,3,"IE","quantile","0.45",25.671708499293
2026-08-19,"hospital admissions",2026-08-30,3,"IE","quantile","0.5",29.3157339749705
2026-08-19,"hospital admissions",2026-08-30,3,"IE","quantile","0.55",33.4770184273052
2026-08-19,"hospital admissions",2026-08-30,3,"IE","quantile","0.6",38.3108202122558
2026-08-19,"hospital admissions",2026-08-30,3,"IE","quantile","0.65",44.041594045472
2026-08-19,"hospital admissions",2026-08-30,3,"IE","quantile","0.7",51.0111054406078
2026-08-19,"hospital admissions",2026-08-30,3,"IE","quantile","0.75",59.7746176598225
2026-08-19,"hospital admissions",2026-08-30,3,"IE","quantile","0.8",71.3159799070205
2026-08-19,"hospital admissions",2026-08-30,3,"IE","quantile","0.85",87.6102980138939
2026-08-19,"hospital admissions",2026-08-30,3,"IE","quantile","0.9",113.501314228764
2026-08-19,"hospital admissions",2026-08-30,3,"IE","quantile","0.95",166.595169524544
2026-08-19,"hospital admissions",2026-08-30,3,"IE","quantile","0.975",232.389453002199
2026-08-19,"hospital admissions",2026-08-30,3,"IE","quantile","0.99",342.209206160614
2026-08-19,"hospital admissions",2026-09-06,4,"IE","quantile","0.01",2.30304207913128
2026-08-19,"hospital admissions",2026-09-06,4,"IE","quantile","0.025",3.40655561234005
2026-08-19,"hospital admissions",2026-09-06,4,"IE","quantile","0.05",4.77019977132788
2026-08-19,"hospital admissions",2026-09-06,4,"IE","quantile","0.1",7.0326679505805
2026-08-19,"hospital admissions",2026-09-06,4,"IE","quantile","0.15",9.1382414806444
2026-08-19,"hospital admissions",2026-09-06,4,"IE","quantile","0.2",11.2528253272779
2026-08-19,"hospital admissions",2026-09-06,4,"IE","quantile","0.25",13.452897247608
2026-08-19,"hospital admissions",2026-09-06,4,"IE","quantile","0.3",15.7929018490793
2026-08-19,"hospital admissions",2026-09-06,4,"IE","quantile","0.35",18.3231204985799
2026-08-19,"hospital admissions",2026-09-06,4,"IE","quantile","0.4",21.0978993106301
2026-08-19,"hospital admissions",2026-09-06,4,"IE","quantile","0.45",24.1818436544745
2026-08-19,"hospital admissions",2026-09-06,4,"IE","quantile","0.5",27.6566907230426
2026-08-19,"hospital admissions",2026-09-06,4,"IE","quantile","0.55",31.6308612643147
2026-08-19,"hospital admissions",2026-09-06,4,"IE","quantile","0.6",36.2544408089313
2026-08-19,"hospital admissions",2026-09-06,4,"IE","quantile","0.65",41.7446658067501
2026-08-19,"hospital admissions",2026-09-06,4,"IE","quantile","0.7",48.4326787476757
2026-08-19,"hospital admissions",2026-09-06,4,"IE","quantile","0.75",56.8570864455261
2026-08-19,"hospital admissions",2026-09-06,4,"IE","quantile","0.8",67.973377307818
2026-08-19,"hospital admissions",2026-09-06,4,"IE","quantile","0.85",83.702377899527
2026-08-19,"hospital admissions",2026-09-06,4,"IE","quantile","0.9",108.762783501942
2026-08-19,"hospital admissions",2026-09-06,4,"IE","quantile","0.95",160.348115051187
2026-08-19,"hospital admissions",2026-09-06,4,"IE","quantile","0.975",224.53546302877
2026-08-19,"hospital admissions",2026-09-06,4,"IE","quantile","0.99",332.122694883
2026-08-19,"hospital admissions",2026-08-09,0,"LV","quantile","0.01",0.818308979535984
2026-08-19,"hospital admissions",2026-08-09,0,"LV","quantile","0.025",1.1718537945575
2026-08-19,"hospital admissions",2026-08-09,0,"LV","quantile","0.05",1.59589491993508
2026-08-19,"hospital admissions",2026-08-09,0,"LV","quantile","0.1",2.27849765258368
2026-08-19,"hospital admissions",2026-08-09,0,"LV","quantile","0.15",2.89725256441407
2026-08-19,"hospital admissions",2026-08-09,0,"LV","quantile","0.2",3.50679766186296
2026-08-19,"hospital admissions",2026-08-09,0,"LV","quantile","0.25",4.13097359445151
2026-08-19,"hospital admissions",2026-08-09,0,"LV","quantile","0.3",4.78563832633398
2026-08-19,"hospital admissions",2026-08-09,0,"LV","quantile","0.35",5.48455153780703
2026-08-19,"hospital admissions",2026-08-09,0,"LV","quantile","0.4",6.24190733451264
2026-08-19,"hospital admissions",2026-08-09,0,"LV","quantile","0.45",7.07405506153642
2026-08-19,"hospital admissions",2026-08-09,0,"LV","quantile","0.5",8.00124996484924
2026-08-19,"hospital admissions",2026-08-09,0,"LV","quantile","0.55",9.04997210837308
2026-08-19,"hospital admissions",2026-08-09,0,"LV","quantile","0.6",10.2564805225515
2026-08-19,"hospital admissions",2026-08-09,0,"LV","quantile","0.65",11.672786837481
2026-08-19,"hospital admissions",2026-08-09,0,"LV","quantile","0.7",13.3775259713457
2026-08-19,"hospital admissions",2026-08-09,0,"LV","quantile","0.75",15.4975575457534
2026-08-19,"hospital admissions",2026-08-09,0,"LV","quantile","0.8",18.2559723066514
2026-08-19,"hospital admissions",2026-08-09,0,"LV","quantile","0.85",22.0967967329929
2026-08-19,"hospital admissions",2026-08-09,0,"LV","quantile","0.9",28.0974619075887
2026-08-19,"hospital admissions",2026-08-09,0,"LV","quantile","0.95",40.1154237664998
2026-08-19,"hospital admissions",2026-08-09,0,"LV","quantile","0.975",54.6313894253115
2026-08-19,"hospital admissions",2026-08-09,0,"LV","quantile","0.99",78.2345087259119
2026-08-19,"hospital admissions",2026-08-16,1,"LV","quantile","0.01",4.3171033264626
2026-08-19,"hospital admissions",2026-08-16,1,"LV","quantile","0.025",4.65110293177156
2026-08-19,"hospital admissions",2026-08-16,1,"LV","quantile","0.05",4.9589571173189
2026-08-19,"hospital admissions",2026-08-16,1,"LV","quantile","0.1",5.33926695593262
2026-08-19,"hospital admissions",2026-08-16,1,"LV","quantile","0.15",5.61220429327651
2026-08-19,"hospital admissions",2026-08-16,1,"LV","quantile","0.2",5.83904288097428
2026-08-19,"hospital admissions",2026-08-16,1,"LV","quantile","0.25",6.04094333485426
2026-08-19,"hospital admissions",2026-08-16,1,"LV","quantile","0.3",6.2281989886957
2026-08-19,"hospital admissions",2026-08-16,1,"LV","quantile","0.35",6.40689683403605
2026-08-19,"hospital admissions",2026-08-16,1,"LV","quantile","0.4",6.58120218060149
2026-08-19,"hospital admissions",2026-08-16,1,"LV","quantile","0.45",6.75435683859302
2026-08-19,"hospital admissions",2026-08-16,1,"LV","quantile","0.5",6.92921359174329
2026-08-19,"hospital admissions",2026-08-16,1,"LV","quantile","0.55",7.10859703556936
2026-08-19,"hospital admissions",2026-08-16,1,"LV","quantile","0.6",7.29562771092556
2026-08-19,"hospital admissions",2026-08-16,1,"LV","quantile","0.65",7.49411177419464
2026-08-19,"hospital admissions",2026-08-16,1,"LV","quantile","0.7",7.70913085582948
2026-08-19,"hospital admissions",2026-08-16,1,"LV","quantile","0.75",7.94809657011264
2026-08-19,"hospital admissions",2026-08-16,1,"LV","quantile","0.8",8.22292317058452
2026-08-19,"hospital admissions",2026-08-16,1,"LV","quantile","0.85",8.55528389398108
2026-08-19,"hospital admissions",2026-08-16,1,"LV","quantile","0.9",8.99262040955832
2026-08-19,"hospital admissions",2026-08-16,1,"LV","quantile","0.95",9.68227791934589
2026-08-19,"hospital admissions",2026-08-16,1,"LV","quantile","0.975",10.3231430704355
2026-08-19,"hospital admissions",2026-08-16,1,"LV","quantile","0.99",11.1218095489371
2026-08-19,"hospital admissions",2026-08-23,2,"LV","quantile","0.01",8.95712931488116
2026-08-19,"hospital admissions",2026-08-23,2,"LV","quantile","0.025",9.74497976805149
2026-08-19,"hospital admissions",2026-08-23,2,"LV","quantile","0.05",10.4777821744689
2026-08-19,"hospital admissions",2026-08-23,2,"LV","quantile","0.1",11.3913055586911
2026-08-19,"hospital admissions",2026-08-23,2,"LV","quantile","0.15",12.0522388426466
2026-08-19,"hospital admissions",2026-08-23,2,"LV","quantile","0.2",12.604771166559
2026-08-19,"hospital admissions",2026-08-23,2,"LV","quantile","0.25",13.0989390340301
2026-08-19,"hospital admissions",2026-08-23,2,"LV","quantile","0.3",13.5592064823815
2026-08-19,"hospital admissions",2026-08-23,2,"LV","quantile","0.35",14.0001374238484
2026-08-19,"hospital admissions",2026-08-23,2,"LV","quantile","0.4",14.4317888036151
2026-08-19,"hospital admissions",2026-08-23,2,"LV","quantile","0.45",14.8620794197069
2026-08-19,"hospital admissions",2026-08-23,2,"LV","quantile","0.5",15.2980718066036
2026-08-19,"hospital admissions",2026-08-23,2,"LV","quantile","0.55",15.7468544199594
2026-08-19,"hospital admissions",2026-08-23,2,"LV","quantile","0.6",16.2163543400369
2026-08-19,"hospital admissions",2026-08-23,2,"LV","quantile","0.65",16.7163359840556
2026-08-19,"hospital admissions",2026-08-23,2,"LV","quantile","0.7",17.2599334115971
2026-08-19,"hospital admissions",2026-08-23,2,"LV","quantile","0.75",17.8664089047215
2026-08-19,"hospital admissions",2026-08-23,2,"LV","quantile","0.8",18.5668583671629
2026-08-19,"hospital admissions",2026-08-23,2,"LV","quantile","0.85",19.4180520362645
2026-08-19,"hospital admissions",2026-08-23,2,"LV","quantile","0.9",20.5447040108098
2026-08-19,"hospital admissions",2026-08-23,2,"LV","quantile","0.95",22.3359292169922
2026-08-19,"hospital admissions",2026-08-23,2,"LV","quantile","0.975",24.0155450878678
2026-08-19,"hospital admissions",2026-08-23,2,"LV","quantile","0.99",26.1279024532097
2026-08-19,"hospital admissions",2026-08-30,3,"LV","quantile","0.01",0.107955004296082
2026-08-19,"hospital admissions",2026-08-30,3,"LV","quantile","0.025",0.178684994615295
2026-08-19,"hospital admissions",2026-08-30,3,"LV","quantile","0.05",0.275617708968119
2026-08-19,"hospital admissions",2026-08-30,3,"LV","quantile","0.1",0.454267442032636
2026-08-19,"hospital admissions",2026-08-30,3,"LV","quantile","0.15",0.636390243258021
2026-08-19,"hospital admissions",2026-08-30,3,"LV","quantile","0.2",0.831930507419993
2026-08-19,"hospital admissions",2026-08-30,3,"LV","quantile","0.25",1.04692749256364
2026-08-19,"hospital admissions",2026-08-30,3,"LV","quantile","0.3",1.28696468457545
2026-08-19,"hospital admissions",2026-08-30,3,"LV","quantile","0.35",1.55826292689113
2026-08-19,"hospital admissions",2026-08-30,3,"LV","quantile","0.4",1.86840036598624
2026-08-19,"hospital admissions",2026-08-30,3,"LV","quantile","0.45",2.22709176535316
2026-08-19,"hospital admissions",2026-08-30,3,"LV","quantile","0.5",2.64726292611822
2026-08-19,"hospital admissions",2026-08-30,3,"LV","quantile","0.55",3.1467050927238
2026-08-19,"hospital admissions",2026-08-30,3,"LV","quantile","0.6",3.75080262644928
2026-08-19,"hospital admissions",2026-08-30,3,"LV","quantile","0.65",4.49731613263851
2026-08-19,"hospital admissions",2026-08-30,3,"LV","quantile","0.7",5.44537164383173
2026-08-19,"hospital admissions",2026-08-30,3,"LV","quantile","0.75",6.69387426519798
2026-08-19,"hospital admissions",2026-08-30,3,"LV","quantile","0.8",8.42378171914072
2026-08-19,"hospital admissions",2026-08-30,3,"LV","quantile","0.85",11.0121125743888
2026-08-19,"hospital admissions",2026-08-30,3,"LV","quantile","0.9",15.4270378009977
2026-08-19,"hospital admissions",2026-08-30,3,"LV","quantile","0.95",25.4265265691277
2026-08-19,"hospital admissions",2026-08-30,3,"LV","quantile","0.975",39.2198629498132
2026-08-19,"hospital admissions",2026-08-30,3,"LV","quantile","0.99",64.9159438758349
2026-08-19,"hospital admissions",2026-09-06,4,"LV","quantile","0.01",0.001
2026-08-19,"hospital admissions",2026-09-06,4,"LV","quantile","0.025",0.001
2026-08-19,"hospital admissions",2026-09-06,4,"LV","quantile","0.05",0.001
2026-08-19,"hospital admissions",2026-09-06,4,"LV","quantile","0.1",0.001
2026-08-19,"hospital admissions",2026-09-06,4,"LV","quantile","0.15",0.001
2026-08-19,"hospital admissions",2026-09-06,4,"LV","quantile","0.2",0.001
2026-08-19,"hospital admissions",2026-09-06,4,"LV","quantile","0.25",0.001
2026-08-19,"hospital admissions",2026-09-06,4,"LV","quantile","0.3",0.001
2026-08-19,"hospital admissions",2026-09-06,4,"LV","quantile","0.35",0.001
2026-08-19,"hospital admissions",2026-09-06,4,"LV","quantile","0.4",0.001
2026-08-19,"hospital admissions",2026-09-06,4,"LV","quantile","0.45",0.001
2026-08-19,"hospital admissions",2026-09-06,4,"LV","quantile","0.5",0.001
2026-08-19,"hospital admissions",2026-09-06,4,"LV","quantile","0.55",0.001
2026-08-19,"hospital admissions",2026-09-06,4,"LV","quantile","0.6",0.001
2026-08-19,"hospital admissions",2026-09-06,4,"LV","quantile","0.65",0.001
2026-08-19,"hospital admissions",2026-09-06,4,"LV","quantile","0.7",0.001
2026-08-19,"hospital admissions",2026-09-06,4,"LV","quantile","0.75",0.001
2026-08-19,"hospital admissions",2026-09-06,4,"LV","quantile","0.8",0.001
2026-08-19,"hospital admissions",2026-09-06,4,"LV","quantile","0.85",0.001
2026-08-19,"hospital admissions",2026-09-06,4,"LV","quantile","0.9",0.001
2026-08-19,"hospital admissions",2026-09-06,4,"LV","quantile","0.95",0.001
2026-08-19,"hospital admissions",2026-09-06,4,"LV","quantile","0.975",0.001
2026-08-19,"hospital admissions",2026-09-06,4,"LV","quantile","0.99",0.001
2026-08-19,"hospital admissions",2026-08-09,0,"MT","quantile","0.01",8.82152727728344
2026-08-19,"hospital admissions",2026-08-09,0,"MT","quantile","0.025",9.14177582727981
2026-08-19,"hospital admissions",2026-08-09,0,"MT","quantile","0.05",9.42649101224666
2026-08-19,"hospital admissions",2026-08-09,0,"MT","quantile","0.1",9.76577192122421
2026-08-19,"hospital admissions",2026-08-09,0,"MT","quantile","0.15",10.0015554681824
2026-08-19,"hospital admissions",2026-08-09,0,"MT","quantile","0.2",10.1930022234552
2026-08-19,"hospital admissions",2026-08-09,0,"MT","quantile","0.25",10.360164415627
2026-08-19,"hospital admissions",2026-08-09,0,"MT","quantile","0.3",10.51261628763
2026-08-19,"hospital admissions",2026-08-09,0,"MT","quantile","0.35",10.6558875148872
2026-08-19,"hospital admissions",2026-08-09,0,"MT","quantile","0.4",10.7936429447011
2026-08-19,"hospital admissions",2026-08-09,0,"MT","quantile","0.45",10.9286176869733
2026-08-19,"hospital admissions",2026-08-09,0,"MT","quantile","0.5",11.0631002807698
2026-08-19,"hospital admissions",2026-08-09,0,"MT","quantile","0.55",11.1992377561398
2026-08-19,"hospital admissions",2026-08-09,0,"MT","quantile","0.6",11.3392844704441
2026-08-19,"hospital admissions",2026-08-09,0,"MT","quantile","0.65",11.4858746070073
2026-08-19,"hospital admissions",2026-08-09,0,"MT","quantile","0.7",11.6424098886197
2026-08-19,"hospital admissions",2026-08-09,0,"MT","quantile","0.75",11.8137302568051
2026-08-19,"hospital admissions",2026-08-09,0,"MT","quantile","0.8",12.0074719046691
2026-08-19,"hospital admissions",2026-08-09,0,"MT","quantile","0.85",12.237315306777
2026-08-19,"hospital admissions",2026-08-09,0,"MT","quantile","0.9",12.5327714808053
2026-08-19,"hospital admissions",2026-08-09,0,"MT","quantile","0.95",12.983854507829
2026-08-19,"hospital admissions",2026-08-09,0,"MT","quantile","0.975",13.388228954066
2026-08-19,"hospital admissions",2026-08-09,0,"MT","quantile","0.99",13.8742628090652
2026-08-19,"hospital admissions",2026-08-16,1,"MT","quantile","0.01",0.408562360512888
2026-08-19,"hospital admissions",2026-08-16,1,"MT","quantile","0.025",0.660844531167781
2026-08-19,"hospital admissions",2026-08-16,1,"MT","quantile","0.05",0.999341759056273
2026-08-19,"hospital admissions",2026-08-16,1,"MT","quantile","0.1",1.60989785538067
2026-08-19,"hospital admissions",2026-08-16,1,"MT","quantile","0.15",2.22083915987082
2026-08-19,"hospital admissions",2026-08-16,1,"MT","quantile","0.2",2.86788127098953
2026-08-19,"hospital admissions",2026-08-16,1,"MT","quantile","0.25",3.57130617419415
2026-08-19,"hospital admissions",2026-08-16,1,"MT","quantile","0.3",4.34889399933158
2026-08-19,"hospital admissions",2026-08-16,1,"MT","quantile","0.35",5.21981675277394
2026-08-19,"hospital admissions",2026-08-16,1,"MT","quantile","0.4",6.20698707359571
2026-08-19,"hospital admissions",2026-08-16,1,"MT","quantile","0.45",7.33943221966167
2026-08-19,"hospital admissions",2026-08-16,1,"MT","quantile","0.5",8.65546016746264
2026-08-19,"hospital admissions",2026-08-16,1,"MT","quantile","0.55",10.207464074651
2026-08-19,"hospital admissions",2026-08-16,1,"MT","quantile","0.6",12.0697835877936
2026-08-19,"hospital admissions",2026-08-16,1,"MT","quantile","0.65",14.3524177684436
2026-08-19,"hospital admissions",2026-08-16,1,"MT","quantile","0.7",17.2266766497521
2026-08-19,"hospital admissions",2026-08-16,1,"MT","quantile","0.75",20.9774763227735
2026-08-19,"hospital admissions",2026-08-16,1,"MT","quantile","0.8",26.1227657742899
2026-08-19,"hospital admissions",2026-08-16,1,"MT","quantile","0.85",33.7336408976553
2026-08-19,"hospital admissions",2026-08-16,1,"MT","quantile","0.9",46.5352447424796
2026-08-19,"hospital admissions",2026-08-16,1,"MT","quantile","0.95",74.9663366226986
2026-08-19,"hospital admissions",2026-08-16,1,"MT","quantile","0.975",113.365530283116
2026-08-19,"hospital admissions",2026-08-16,1,"MT","quantile","0.99",183.367333732078
2026-08-19,"hospital admissions",2026-08-23,2,"MT","quantile","0.01",5.81640765682952
2026-08-19,"hospital admissions",2026-08-23,2,"MT","quantile","0.025",6.42702728523851
2026-08-19,"hospital admissions",2026-08-23,2,"MT","quantile","0.05",7.00322530942946
2026-08-19,"hospital admissions",2026-08-23,2,"MT","quantile","0.1",7.73194441108966
2026-08-19,"hospital admissions",2026-08-23,2,"MT","quantile","0.15",8.26597891334224
2026-08-19,"hospital admissions",2026-08-23,2,"MT","quantile","0.2",8.71659766636474
2026-08-19,"hospital admissions",2026-08-23,2,"MT","quantile","0.25",9.12271633759958
2026-08-19,"hospital admissions",2026-08-23,2,"MT","quantile","0.3",9.50352412220515
2026-08-19,"hospital admissions",2026-08-23,2,"MT","quantile","0.35",9.87057473325932
2026-08-19,"hospital admissions",2026-08-23,2,"MT","quantile","0.4",10.2319697033221
2026-08-19,"hospital admissions",2026-08-23,2,"MT","quantile","0.45",10.5942126169951
2026-08-19,"hospital admissions",2026-08-23,2,"MT","quantile","0.5",10.9632311077772
2026-08-19,"hospital admissions",2026-08-23,2,"MT","quantile","0.55",11.3451032811747
2026-08-19,"hospital admissions",2026-08-23,2,"MT","quantile","0.6",11.7467545162403
2026-08-19,"hospital admissions",2026-08-23,2,"MT","quantile","0.65",12.176842744277
2026-08-19,"hospital admissions",2026-08-23,2,"MT","quantile","0.7",12.6471438149666
2026-08-19,"hospital admissions",2026-08-23,2,"MT","quantile","0.75",13.1750710944673
2026-08-19,"hospital admissions",2026-08-23,2,"MT","quantile","0.8",13.7889163780413
2026-08-19,"hospital admissions",2026-08-23,2,"MT","quantile","0.85",14.5406173403768
2026-08-19,"hospital admissions",2026-08-23,2,"MT","quantile","0.9",15.5449172849904
2026-08-19,"hospital admissions",2026-08-23,2,"MT","quantile","0.95",17.1624403059974
2026-08-19,"hospital admissions",2026-08-23,2,"MT","quantile","0.975",18.7010932097004
2026-08-19,"hospital admissions",2026-08-23,2,"MT","quantile","0.99",20.6643762634837
2026-08-19,"hospital admissions",2026-08-30,3,"MT","quantile","0.01",3.06844972528492
2026-08-19,"hospital admissions",2026-08-30,3,"MT","quantile","0.025",3.47682009234247
2026-08-19,"hospital admissions",2026-08-30,3,"MT","quantile","0.05",3.87125313545411
2026-08-19,"hospital admissions",2026-08-30,3,"MT","quantile","0.1",4.38185844190902
2026-08-19,"hospital admissions",2026-08-30,3,"MT","quantile","0.15",4.76388772834252
2026-08-19,"hospital admissions",2026-08-30,3,"MT","quantile","0.2",5.09112933553616
2026-08-19,"hospital admissions",2026-08-30,3,"MT","quantile","0.25",5.38973114930102
2026-08-19,"hospital admissions",2026-08-30,3,"MT","quantile","0.3",5.67278124198664
2026-08-19,"hospital admissions",2026-08-30,3,"MT","quantile","0.35",5.94832181331371
2026-08-19,"hospital admissions",2026-08-30,3,"MT","quantile","0.4",6.22214808433552
2026-08-19,"hospital admissions",2026-08-30,3,"MT","quantile","0.45",6.4990699933031
2026-08-19,"hospital admissions",2026-08-30,3,"MT","quantile","0.5",6.78363169776369
2026-08-19,"hospital admissions",2026-08-30,3,"MT","quantile","0.55",7.08065293316161
2026-08-19,"hospital admissions",2026-08-30,3,"MT","quantile","0.6",7.39578331906875
2026-08-19,"hospital admissions",2026-08-30,3,"MT","quantile","0.65",7.73624233105649
2026-08-19,"hospital admissions",2026-08-30,3,"MT","quantile","0.7",8.11201014950272
2026-08-19,"hospital admissions",2026-08-30,3,"MT","quantile","0.75",8.53802494710188
2026-08-19,"hospital admissions",2026-08-30,3,"MT","quantile","0.8",9.03879198073014
2026-08-19,"hospital admissions",2026-08-30,3,"MT","quantile","0.85",9.65968587738213
2026-08-19,"hospital admissions",2026-08-30,3,"MT","quantile","0.9",10.501858884984
2026-08-19,"hospital admissions",2026-08-30,3,"MT","quantile","0.95",11.8870188542983
2026-08-19,"hospital admissions",2026-08-30,3,"MT","quantile","0.975",13.2355594447512
2026-08-19,"hospital admissions",2026-08-30,3,"MT","quantile","0.99",14.9970386125949
2026-08-19,"hospital admissions",2026-09-06,4,"MT","quantile","0.01",0.845011498907214
2026-08-19,"hospital admissions",2026-09-06,4,"MT","quantile","0.025",1.28095758388203
2026-08-19,"hospital admissions",2026-09-06,4,"MT","quantile","0.05",1.83198852354238
2026-08-19,"hospital admissions",2026-09-06,4,"MT","quantile","0.1",2.76742054277809
2026-08-19,"hospital admissions",2026-09-06,4,"MT","quantile","0.15",3.65551392044824
2026-08-19,"hospital admissions",2026-09-06,4,"MT","quantile","0.2",4.56052346439229
2026-08-19,"hospital admissions",2026-09-06,4,"MT","quantile","0.25",5.51354578440139
2026-08-19,"hospital admissions",2026-09-06,4,"MT","quantile","0.3",6.5379765954496
2026-08-19,"hospital admissions",2026-09-06,4,"MT","quantile","0.35",7.65643955434587
2026-08-19,"hospital admissions",2026-09-06,4,"MT","quantile","0.4",8.89417949472052
2026-08-19,"hospital admissions",2026-09-06,4,"MT","quantile","0.45",10.2818344264469
2026-08-19,"hospital admissions",2026-09-06,4,"MT","quantile","0.5",11.858698848555
2026-08-19,"hospital admissions",2026-09-06,4,"MT","quantile","0.55",13.6773976848912
2026-08-19,"hospital admissions",2026-09-06,4,"MT","quantile","0.6",15.8113222770234
2026-08-19,"hospital admissions",2026-09-06,4,"MT","quantile","0.65",18.3673804752886
2026-08-19,"hospital admissions",2026-09-06,4,"MT","quantile","0.7",21.5095200063268
2026-08-19,"hospital admissions",2026-09-06,4,"MT","quantile","0.75",25.5060434572936
2026-08-19,"hospital admissions",2026-09-06,4,"MT","quantile","0.8",30.8360957856532
2026-08-19,"hospital admissions",2026-09-06,4,"MT","quantile","0.85",38.4703058013457
2026-08-19,"hospital admissions",2026-09-06,4,"MT","quantile","0.9",50.8158179094634
2026-08-19,"hospital admissions",2026-09-06,4,"MT","quantile","0.95",76.7628926565524
2026-08-19,"hospital admissions",2026-09-06,4,"MT","quantile","0.975",109.784071034213
2026-08-19,"hospital admissions",2026-09-06,4,"MT","quantile","0.99",166.422277759041
2026-08-19,"hospital admissions",2026-08-02,-1,"PL","quantile","0.01",0.51214319672873
2026-08-19,"hospital admissions",2026-08-02,-1,"PL","quantile","0.025",0.636725248751423
2026-08-19,"hospital admissions",2026-08-02,-1,"PL","quantile","0.05",0.767855429174552
2026-08-19,"hospital admissions",2026-08-02,-1,"PL","quantile","0.1",0.952894299062868
2026-08-19,"hospital admissions",2026-08-02,-1,"PL","quantile","0.15",1.10232005996767
2026-08-19,"hospital admissions",2026-08-02,-1,"PL","quantile","0.2",1.23761944278426
2026-08-19,"hospital admissions",2026-08-02,-1,"PL","quantile","0.25",1.36685480101237
2026-08-19,"hospital admissions",2026-08-02,-1,"PL","quantile","0.3",1.49437357176433
2026-08-19,"hospital admissions",2026-08-02,-1,"PL","quantile","0.35",1.62313481324864
2026-08-19,"hospital admissions",2026-08-02,-1,"PL","quantile","0.4",1.75556062091352
2026-08-19,"hospital admissions",2026-08-02,-1,"PL","quantile","0.45",1.89395856050898
2026-08-19,"hospital admissions",2026-08-02,-1,"PL","quantile","0.5",2.04081026932686
2026-08-19,"hospital admissions",2026-08-02,-1,"PL","quantile","0.55",2.19904840698874
2026-08-19,"hospital admissions",2026-08-02,-1,"PL","quantile","0.6",2.37240828130601
2026-08-19,"hospital admissions",2026-08-02,-1,"PL","quantile","0.65",2.56596465148454
2026-08-19,"hospital admissions",2026-08-02,-1,"PL","quantile","0.7",2.78705849332752
2026-08-19,"hospital admissions",2026-08-02,-1,"PL","quantile","0.75",3.04707314361789
2026-08-19,"hospital admissions",2026-08-02,-1,"PL","quantile","0.8",3.36525624227445
2026-08-19,"hospital admissions",2026-08-02,-1,"PL","quantile","0.85",3.77830968213726
2026-08-19,"hospital admissions",2026-08-02,-1,"PL","quantile","0.9",4.37079596287434
2026-08-19,"hospital admissions",2026-08-02,-1,"PL","quantile","0.95",5.42407645651116
2026-08-19,"hospital admissions",2026-08-02,-1,"PL","quantile","0.975",6.54113617067498
2026-08-19,"hospital admissions",2026-08-02,-1,"PL","quantile","0.99",8.13230866287581
2026-08-19,"hospital admissions",2026-08-09,0,"PL","quantile","0.01",0.265513365748319
2026-08-19,"hospital admissions",2026-08-09,0,"PL","quantile","0.025",0.353012101900602
2026-08-19,"hospital admissions",2026-08-09,0,"PL","quantile","0.05",0.451004812060883
2026-08-19,"hospital admissions",2026-08-09,0,"PL","quantile","0.1",0.598196483285012
2026-08-19,"hospital admissions",2026-08-09,0,"PL","quantile","0.15",0.723775342145977
2026-08-19,"hospital admissions",2026-08-09,0,"PL","quantile","0.2",0.842129246564848
2026-08-19,"hospital admissions",2026-08-09,0,"PL","quantile","0.25",0.958976170078854
2026-08-19,"hospital admissions",2026-08-09,0,"PL","quantile","0.3",1.07766272091591
2026-08-19,"hospital admissions",2026-08-09,0,"PL","quantile","0.35",1.20071750037997
2026-08-19,"hospital admissions",2026-08-09,0,"PL","quantile","0.4",1.33045249463048
2026-08-19,"hospital admissions",2026-08-09,0,"PL","quantile","0.45",1.46929928493186
2026-08-19,"hospital admissions",2026-08-09,0,"PL","quantile","0.5",1.62008445667113
2026-08-19,"hospital admissions",2026-08-09,0,"PL","quantile","0.55",1.7863437855475
2026-08-19,"hospital admissions",2026-08-09,0,"PL","quantile","0.6",1.97276765411785
2026-08-19,"hospital admissions",2026-08-09,0,"PL","quantile","0.65",2.1859210396424
2026-08-19,"hospital admissions",2026-08-09,0,"PL","quantile","0.7",2.43552420976081
2026-08-19,"hospital admissions",2026-08-09,0,"PL","quantile","0.75",2.73695398138161
2026-08-19,"hospital admissions",2026-08-09,0,"PL","quantile","0.8",3.11671119065605
2026-08-19,"hospital admissions",2026-08-09,0,"PL","quantile","0.85",3.62636510794263
2026-08-19,"hospital admissions",2026-08-09,0,"PL","quantile","0.9",4.38764472892576
2026-08-19,"hospital admissions",2026-08-09,0,"PL","quantile","0.95",5.81961339781246
2026-08-19,"hospital admissions",2026-08-09,0,"PL","quantile","0.975",7.43508121284306
2026-08-19,"hospital admissions",2026-08-09,0,"PL","quantile","0.99",9.88527880451542
2026-08-19,"hospital admissions",2026-08-16,1,"PL","quantile","0.01",0.261628991712655
2026-08-19,"hospital admissions",2026-08-16,1,"PL","quantile","0.025",0.379771471605623
2026-08-19,"hospital admissions",2026-08-16,1,"PL","quantile","0.05",0.523251678099068
2026-08-19,"hospital admissions",2026-08-16,1,"PL","quantile","0.1",0.757156781967352
2026-08-19,"hospital admissions",2026-08-16,1,"PL","quantile","0.15",0.971533238608777
2026-08-19,"hospital admissions",2026-08-16,1,"PL","quantile","0.2",1.18442808021936
2026-08-19,"hospital admissions",2026-08-16,1,"PL","quantile","0.25",1.40388915109744
2026-08-19,"hospital admissions",2026-08-16,1,"PL","quantile","0.3",1.63541946294297
2026-08-19,"hospital admissions",2026-08-16,1,"PL","quantile","0.35",1.88392064244971
2026-08-19,"hospital admissions",2026-08-16,1,"PL","quantile","0.4",2.15455177297821
2026-08-19,"hospital admissions",2026-08-16,1,"PL","quantile","0.45",2.45333792848755
2026-08-19,"hospital admissions",2026-08-16,1,"PL","quantile","0.5",2.7878127757879
2026-08-19,"hospital admissions",2026-08-16,1,"PL","quantile","0.55",3.16788811789883
2026-08-19,"hospital admissions",2026-08-16,1,"PL","quantile","0.6",3.60720042577731
2026-08-19,"hospital admissions",2026-08-16,1,"PL","quantile","0.65",4.1253861217531
2026-08-19,"hospital admissions",2026-08-16,1,"PL","quantile","0.7",4.75223650503739
2026-08-19,"hospital admissions",2026-08-16,1,"PL","quantile","0.75",5.53597844015737
2026-08-19,"hospital admissions",2026-08-16,1,"PL","quantile","0.8",6.56173236909991
2026-08-19,"hospital admissions",2026-08-16,1,"PL","quantile","0.85",7.99962344466516
2026-08-19,"hospital admissions",2026-08-16,1,"PL","quantile","0.9",10.2645849022869
2026-08-19,"hospital admissions",2026-08-16,1,"PL","quantile","0.95",14.8530819835704
2026-08-19,"hospital admissions",2026-08-16,1,"PL","quantile","0.975",20.4646758746456
2026-08-19,"hospital admissions",2026-08-16,1,"PL","quantile","0.99",29.7058060040305
2026-08-19,"hospital admissions",2026-08-23,2,"PL","quantile","0.01",0.192966082255728
2026-08-19,"hospital admissions",2026-08-23,2,"PL","quantile","0.025",0.288564443492181
2026-08-19,"hospital admissions",2026-08-23,2,"PL","quantile","0.05",0.407894301693622
2026-08-19,"hospital admissions",2026-08-23,2,"PL","quantile","0.1",0.607910257061811
2026-08-19,"hospital admissions",2026-08-23,2,"PL","quantile","0.15",0.795717021095923
2026-08-19,"hospital admissions",2026-08-23,2,"PL","quantile","0.2",0.985558263197338
2026-08-19,"hospital admissions",2026-08-23,2,"PL","quantile","0.25",1.1841385660416
2026-08-19,"hospital admissions",2026-08-23,2,"PL","quantile","0.3",1.39634826355362
2026-08-19,"hospital admissions",2026-08-23,2,"PL","quantile","0.35",1.62679821443765
2026-08-19,"hospital admissions",2026-08-23,2,"PL","quantile","0.4",1.88054530475982
2026-08-19,"hospital admissions",2026-08-23,2,"PL","quantile","0.45",2.16365874304804
2026-08-19,"hospital admissions",2026-08-23,2,"PL","quantile","0.5",2.48386565343682
2026-08-19,"hospital admissions",2026-08-23,2,"PL","quantile","0.55",2.85146102829127
2026-08-19,"hospital admissions",2026-08-23,2,"PL","quantile","0.6",3.28074445678463
2026-08-19,"hospital admissions",2026-08-23,2,"PL","quantile","0.65",3.79247317188372
2026-08-19,"hospital admissions",2026-08-23,2,"PL","quantile","0.7",4.41837380068919
2026-08-19,"hospital admissions",2026-08-23,2,"PL","quantile","0.75",5.21019140939491
2026-08-19,"hospital admissions",2026-08-23,2,"PL","quantile","0.8",6.25999376668796
2026-08-19,"hospital admissions",2026-08-23,2,"PL","quantile","0.85",7.75349580410623
2026-08-19,"hospital admissions",2026-08-23,2,"PL","quantile","0.9",10.1488476508727
2026-08-19,"hospital admissions",2026-08-23,2,"PL","quantile","0.95",15.1254591169975
2026-08-19,"hospital admissions",2026-08-23,2,"PL","quantile","0.975",21.3802799459952
2026-08-19,"hospital admissions",2026-08-23,2,"PL","quantile","0.99",31.9723990465169
2026-08-19,"hospital admissions",2026-08-30,3,"PL","quantile","0.01",0.386870187096062
2026-08-19,"hospital admissions",2026-08-30,3,"PL","quantile","0.025",0.547573829633311
2026-08-19,"hospital admissions",2026-08-30,3,"PL","quantile","0.05",0.7382536255266
2026-08-19,"hospital admissions",2026-08-30,3,"PL","quantile","0.1",1.04187089781549
2026-08-19,"hospital admissions",2026-08-30,3,"PL","quantile","0.15",1.31447983954717
2026-08-19,"hospital admissions",2026-08-30,3,"PL","quantile","0.2",1.58116742896939
2026-08-19,"hospital admissions",2026-08-30,3,"PL","quantile","0.25",1.85269038738092
2026-08-19,"hospital admissions",2026-08-30,3,"PL","quantile","0.3",2.13604213444633
2026-08-19,"hospital admissions",2026-08-30,3,"PL","quantile","0.35",2.43715517047674
2026-08-19,"hospital admissions",2026-08-30,3,"PL","quantile","0.4",2.76204025914034
2026-08-19,"hospital admissions",2026-08-30,3,"PL","quantile","0.45",3.11753390354382
2026-08-19,"hospital admissions",2026-08-30,3,"PL","quantile","0.5",3.51203399544293
2026-08-19,"hospital admissions",2026-08-30,3,"PL","quantile","0.55",3.95645505927806
2026-08-19,"hospital admissions",2026-08-30,3,"PL","quantile","0.6",4.46567813207247
2026-08-19,"hospital admissions",2026-08-30,3,"PL","quantile","0.65",5.0609755728988
2026-08-19,"hospital admissions",2026-08-30,3,"PL","quantile","0.7",5.77440987059177
2026-08-19,"hospital admissions",2026-08-30,3,"PL","quantile","0.75",6.65755210323269
2026-08-19,"hospital admissions",2026-08-30,3,"PL","quantile","0.8",7.80080752940022
2026-08-19,"hospital admissions",2026-08-30,3,"PL","quantile","0.85",9.3834704908034
2026-08-19,"hospital admissions",2026-08-30,3,"PL","quantile","0.9",11.8386863583661
2026-08-19,"hospital admissions",2026-08-30,3,"PL","quantile","0.95",16.707514001504
2026-08-19,"hospital admissions",2026-08-30,3,"PL","quantile","0.975",22.5255154969818
2026-08-19,"hospital admissions",2026-08-30,3,"PL","quantile","0.99",31.8824846073862
2026-08-19,"hospital admissions",2026-09-06,4,"PL","quantile","0.01",0.232705899760448
2026-08-19,"hospital admissions",2026-09-06,4,"PL","quantile","0.025",0.378425331593764
2026-08-19,"hospital admissions",2026-09-06,4,"PL","quantile","0.05",0.574910794954119
2026-08-19,"hospital admissions",2026-09-06,4,"PL","quantile","0.1",0.93110143327968
2026-08-19,"hospital admissions",2026-09-06,4,"PL","quantile","0.15",1.2890680401482
2026-08-19,"hospital admissions",2026-09-06,4,"PL","quantile","0.2",1.66939761678541
2026-08-19,"hospital admissions",2026-09-06,4,"PL","quantile","0.25",2.08396019156702
2026-08-19,"hospital admissions",2026-09-06,4,"PL","quantile","0.3",2.54329304237142
2026-08-19,"hospital admissions",2026-09-06,4,"PL","quantile","0.35",3.05884884399503
2026-08-19,"hospital admissions",2026-09-06,4,"PL","quantile","0.4",3.64437910862371
2026-08-19,"hospital admissions",2026-09-06,4,"PL","quantile","0.45",4.31735569893955
2026-08-19,"hospital admissions",2026-09-06,4,"PL","quantile","0.5",5.10088231437737
2026-08-19,"hospital admissions",2026-09-06,4,"PL","quantile","0.55",6.02660568169509
2026-08-19,"hospital admissions",2026-09-06,4,"PL","quantile","0.6",7.13948785502554
2026-08-19,"hospital admissions",2026-09-06,4,"PL","quantile","0.65",8.50614126821169
2026-08-19,"hospital admissions",2026-09-06,4,"PL","quantile","0.7",10.2304374492635
2026-08-19,"hospital admissions",2026-09-06,4,"PL","quantile","0.75",12.4853634394825
2026-08-19,"hospital admissions",2026-09-06,4,"PL","quantile","0.8",15.585861704553
2026-08-19,"hospital admissions",2026-09-06,4,"PL","quantile","0.85",20.1843499138622
2026-08-19,"hospital admissions",2026-09-06,4,"PL","quantile","0.9",27.9443242756907
2026-08-19,"hospital admissions",2026-09-06,4,"PL","quantile","0.95",45.257456658479
2026-08-19,"hospital admissions",2026-09-06,4,"PL","quantile","0.975",68.7559690455895
2026-08-19,"hospital admissions",2026-09-06,4,"PL","quantile","0.99",111.810660631777
2026-08-19,"hospital admissions",2026-08-09,0,"CZ","median","",3.33746232276094
2026-08-19,"hospital admissions",2026-08-16,1,"CZ","median","",5.77661353252565
2026-08-19,"hospital admissions",2026-08-23,2,"CZ","median","",3.42726164643624
2026-08-19,"hospital admissions",2026-08-30,3,"CZ","median","",3.29108791633627
2026-08-19,"hospital admissions",2026-09-06,4,"CZ","median","",2.64082856437513
2026-08-19,"hospital admissions",2026-08-02,-1,"EE","median","",3.16358191725355
2026-08-19,"hospital admissions",2026-08-09,0,"EE","median","",5.94707612566561
2026-08-19,"hospital admissions",2026-08-16,1,"EE","median","",7.27567430552192
2026-08-19,"hospital admissions",2026-08-23,2,"EE","median","",7.40190732136206
2026-08-19,"hospital admissions",2026-08-30,3,"EE","median","",7.82653148808837
2026-08-19,"hospital admissions",2026-09-06,4,"EE","median","",11.0899010224837
2026-08-19,"hospital admissions",2026-08-16,1,"GR","median","",6.74022757790242
2026-08-19,"hospital admissions",2026-08-23,2,"GR","median","",10.0677797098104
2026-08-19,"hospital admissions",2026-08-30,3,"GR","median","",22.6121714256283
2026-08-19,"hospital admissions",2026-09-06,4,"GR","median","",22.8317144058048
2026-08-19,"hospital admissions",2026-08-16,1,"IE","median","",32.1049683830054
2026-08-19,"hospital admissions",2026-08-23,2,"IE","median","",31.7941945104578
2026-08-19,"hospital admissions",2026-08-30,3,"IE","median","",29.3157339749705
2026-08-19,"hospital admissions",2026-09-06,4,"IE","median","",27.6566907230426
2026-08-19,"hospital admissions",2026-08-09,0,"LV","median","",8.00124996484924
2026-08-19,"hospital admissions",2026-08-16,1,"LV","median","",6.92921359174329
2026-08-19,"hospital admissions",2026-08-23,2,"LV","median","",15.2980718066036
2026-08-19,"hospital admissions",2026-08-30,3,"LV","median","",2.64726292611822
2026-08-19,"hospital admissions",2026-09-06,4,"LV","median","",0.001
2026-08-19,"hospital admissions",2026-08-09,0,"MT","median","",11.0631002807698
2026-08-19,"hospital admissions",2026-08-16,1,"MT","median","",8.65546016746264
2026-08-19,"hospital admissions",2026-08-23,2,"MT","median","",10.9632311077772
2026-08-19,"hospital admissions",2026-08-30,3,"MT","median","",6.78363169776369
2026-08-19,"hospital admissions",2026-09-06,4,"MT","median","",11.858698848555
2026-08-19,"hospital admissions",2026-08-02,-1,"PL","median","",2.04081026932686
2026-08-19,"hospital admissions",2026-08-09,0,"PL","median","",1.62008445667113
2026-08-19,"hospital admissions",2026-08-16,1,"PL","median","",2.7878127757879
2026-08-19,"hospital admissions",2026-08-23,2,"PL","median","",2.48386565343682
2026-08-19,"hospital admissions",2026-08-30,3,"PL","median","",3.51203399544293
2026-08-19,"hospital admissions",2026-09-06,4,"PL","median","",5.10088231437737
